timestamp,flowRate,waterLevel,temperature,pressure,conductivity,phLevel,causticLevel,productionStatus,cipStatus,sterilizationStatus,alarms
2026-06-09T00:00:00,24100.698,78.693,79.375,0.100,6.602,6.84,48.0,1,0,0,
2026-06-09T00:01:00,24102.981,78.635,79.403,0.112,6.561,7.16,46.6,1,0,0,
2026-06-09T00:02:00,24089.634,78.763,79.292,0.047,6.608,6.95,47.9,1,0,0,
2026-06-09T00:03:00,24106.570,79.195,79.779,0.075,6.489,7.16,47.9,1,0,0,
2026-06-09T00:04:00,24106.319,79.031,79.372,0.060,6.437,7.14,46.6,1,0,0,
2026-06-09T00:05:00,24100.728,78.661,79.390,0.096,6.684,6.83,46.7,1,0,0,
2026-06-09T00:06:00,24102.640,79.317,79.888,0.076,6.535,6.88,54.2,1,0,0,
2026-06-09T00:07:00,24102.460,78.927,79.511,0.056,6.579,7.12,48.7,1,0,0,
2026-06-09T00:08:00,24103.823,79.439,80.474,0.063,6.417,6.98,47.0,1,0,0,
2026-06-09T00:09:00,24101.565,79.008,79.730,0.097,6.365,7.06,51.5,1,0,0,
2026-06-09T00:10:00,24096.127,79.063,79.607,0.065,6.585,7.00,50.8,1,0,0,
2026-06-09T00:11:00,24100.382,79.314,79.968,0.109,6.511,6.86,49.0,1,0,0,
2026-06-09T00:12:00,24105.904,79.456,79.906,0.089,6.746,7.09,51.0,1,0,0,
2026-06-09T00:13:00,24098.721,78.998,79.708,0.094,6.621,7.12,52.1,1,0,0,
2026-06-09T00:14:00,24108.532,79.247,80.047,0.095,6.784,6.89,48.6,1,0,0,
2026-06-09T00:15:00,24097.870,79.154,80.104,0.115,6.880,7.03,53.2,1,0,0,
2026-06-09T00:16:00,24103.592,79.537,80.162,0.032,6.655,6.85,50.3,1,0,0,
2026-06-09T00:17:00,24103.922,79.251,80.162,0.078,6.572,7.06,49.1,1,0,0,
2026-06-09T00:18:00,24102.603,79.216,79.911,0.074,7.020,6.82,48.6,1,0,0,
2026-06-09T00:19:00,24101.853,78.611,79.223,0.067,6.908,7.07,46.4,1,0,0,
2026-06-09T00:20:00,24102.064,79.570,80.217,0.047,6.441,7.08,46.8,1,0,0,
2026-06-09T00:21:00,24098.868,79.280,80.076,0.057,6.658,7.01,53.3,1,0,0,
2026-06-09T00:22:00,24102.930,79.507,80.143,0.087,6.510,7.09,50.4,1,0,0,
2026-06-09T00:23:00,24103.994,79.054,79.791,0.059,6.617,7.06,47.2,1,0,0,
2026-06-09T00:24:00,24104.136,79.678,80.353,0.122,6.398,6.91,54.6,1,0,0,
2026-06-09T00:25:00,24102.563,79.343,80.010,0.088,6.401,6.92,45.4,1,0,0,
2026-06-09T00:26:00,24108.310,79.589,80.190,0.073,6.570,7.04,54.4,1,0,0,
2026-06-09T00:27:00,24096.761,79.135,79.613,0.061,6.860,6.86,46.5,1,0,0,
2026-06-09T00:28:00,24105.931,79.802,80.360,0.088,6.791,6.84,47.1,1,0,0,
2026-06-09T00:29:00,24105.260,79.780,80.656,0.080,6.895,6.87,45.9,1,0,0,
2026-06-09T00:30:00,24106.061,78.887,79.475,0.091,6.567,6.90,53.3,1,0,0,
2026-06-09T00:31:00,24101.779,79.135,79.923,0.058,6.974,7.12,46.4,1,0,0,
2026-06-09T00:32:00,24110.575,79.297,80.090,0.063,6.614,7.02,50.7,1,0,0,
2026-06-09T00:33:00,24107.169,79.218,79.846,0.078,6.807,6.93,53.6,1,0,0,
2026-06-09T00:34:00,24111.233,79.672,80.545,0.092,6.775,7.11,47.5,1,0,0,
2026-06-09T00:35:00,24113.248,79.811,80.241,0.020,6.818,7.08,50.8,1,0,0,
2026-06-09T00:36:00,24102.519,79.415,79.787,0.054,6.553,6.84,45.9,1,0,0,
2026-06-09T00:37:00,24099.511,79.388,79.954,0.025,6.907,7.07,47.6,1,0,0,
2026-06-09T00:38:00,24099.675,79.335,80.041,0.054,7.104,7.07,48.3,1,0,0,
2026-06-09T00:39:00,24104.137,79.188,79.905,0.056,6.814,6.92,50.8,1,0,0,
2026-06-09T00:40:00,24104.084,79.703,80.362,0.108,6.635,7.08,48.8,1,0,0,
2026-06-09T00:41:00,24109.871,80.290,81.228,0.081,6.863,7.06,48.9,1,0,0,
2026-06-09T00:42:00,24109.083,79.475,80.034,0.076,6.893,7.17,47.0,1,0,0,
2026-06-09T00:43:00,24111.678,80.159,81.029,0.033,6.551,7.08,52.8,1,0,0,
2026-06-09T00:44:00,24112.161,79.700,80.220,0.092,6.742,6.81,50.9,1,0,0,
2026-06-09T00:45:00,24108.613,79.692,80.350,0.091,6.788,7.00,49.5,1,0,0,
2026-06-09T00:46:00,24097.994,79.821,80.310,0.095,6.850,6.97,52.6,1,0,0,
2026-06-09T00:47:00,24093.164,80.110,80.547,0.011,6.860,7.00,47.5,1,0,0,
2026-06-09T00:48:00,24103.805,79.675,80.406,0.099,6.726,7.20,47.6,1,0,0,
2026-06-09T00:49:00,24100.987,79.825,80.432,0.069,6.931,7.13,50.5,1,0,0,
2026-06-09T00:50:00,24095.656,79.880,80.411,0.046,6.729,6.96,48.5,1,0,0,
2026-06-09T00:51:00,24098.325,79.711,80.317,0.114,6.888,6.84,47.8,1,0,0,
2026-06-09T00:52:00,24114.477,79.524,80.206,0.061,7.158,7.05,54.5,1,0,0,
2026-06-09T00:53:00,24095.284,79.321,80.152,0.096,6.828,6.95,53.5,1,0,0,
2026-06-09T00:54:00,24114.667,79.741,80.545,0.050,6.710,7.19,54.7,1,0,0,
2026-06-09T00:55:00,24103.566,79.624,80.077,0.086,7.088,6.82,54.2,1,0,0,
2026-06-09T00:56:00,24105.499,80.318,80.965,0.049,7.090,7.12,45.0,1,0,0,
2026-06-09T00:57:00,24105.662,79.856,80.451,0.057,6.850,7.11,49.1,1,0,0,
2026-06-09T00:58:00,24103.798,80.142,81.010,0.097,6.897,7.16,53.1,1,0,0,
2026-06-09T00:59:00,24106.568,80.115,80.981,0.094,7.199,6.88,51.5,1,0,0,
2026-06-09T01:00:00,24100.231,80.106,80.518,0.087,6.580,6.84,50.1,1,0,0,
2026-06-09T01:01:00,24105.567,79.810,80.149,0.080,6.752,7.02,49.7,1,0,0,
2026-06-09T01:02:00,24113.318,79.803,80.535,0.091,6.815,6.88,46.6,1,0,0,
2026-06-09T01:03:00,24113.729,79.914,80.800,0.061,6.891,6.85,51.3,1,0,0,
2026-06-09T01:04:00,24101.957,79.864,80.736,0.042,6.822,6.84,46.6,1,0,0,
2026-06-09T01:05:00,24114.998,79.975,80.596,0.096,7.060,7.18,53.9,1,0,0,
2026-06-09T01:06:00,24113.043,79.934,80.586,0.071,6.753,6.81,49.8,1,0,0,
2026-06-09T01:07:00,24112.185,80.666,81.671,0.056,7.162,6.91,45.9,1,0,0,
2026-06-09T01:08:00,24111.747,80.437,81.110,0.086,7.181,7.16,47.9,1,0,0,
2026-06-09T01:09:00,24110.260,79.644,80.201,0.111,6.840,6.90,45.9,1,0,0,
2026-06-09T01:10:00,24114.405,80.351,81.111,0.078,7.111,6.86,48.9,1,0,0,
2026-06-09T01:11:00,24107.406,80.225,80.977,0.055,6.936,7.19,45.2,1,0,0,
2026-06-09T01:12:00,24112.018,79.926,80.794,0.016,6.989,6.99,52.0,1,0,0,
2026-06-09T01:13:00,24108.183,79.807,80.543,0.118,6.951,7.00,46.2,1,0,0,
2026-06-09T01:14:00,24105.472,79.586,80.188,0.027,7.032,6.90,54.1,1,0,0,
2026-06-09T01:15:00,24116.145,80.326,81.305,0.091,7.146,7.03,53.9,1,0,0,
2026-06-09T01:16:00,24107.263,80.584,81.203,0.070,6.911,7.11,54.2,1,0,0,
2026-06-09T01:17:00,24107.712,80.585,81.121,0.075,7.076,6.86,54.5,1,0,0,
2026-06-09T01:18:00,24113.956,80.207,80.816,0.063,7.069,6.85,48.3,1,0,0,
2026-06-09T01:19:00,24107.753,80.165,80.800,0.032,7.251,6.99,50.9,1,0,0,
2026-06-09T01:20:00,24098.152,80.735,81.523,0.083,6.929,7.17,50.6,1,0,0,
2026-06-09T01:21:00,24105.032,79.655,80.463,0.069,6.995,6.98,48.7,1,0,0,
2026-06-09T01:22:00,24111.588,80.230,80.857,0.089,7.081,6.97,46.1,1,0,0,
2026-06-09T01:23:00,24113.075,80.542,81.172,0.097,6.877,6.99,52.6,1,0,0,
2026-06-09T01:24:00,24106.822,80.120,81.017,0.068,7.009,6.93,52.1,1,0,0,
2026-06-09T01:25:00,24118.272,80.498,81.005,0.028,7.178,7.12,54.2,1,0,0,
2026-06-09T01:26:00,24106.147,80.303,81.149,0.053,7.025,6.98,50.9,1,0,0,
2026-06-09T01:27:00,24103.852,80.281,81.095,0.037,7.364,7.07,49.9,1,0,0,
2026-06-09T01:28:00,24097.853,80.518,81.080,0.097,7.265,7.12,48.2,1,0,0,
2026-06-09T01:29:00,24105.770,79.990,80.453,0.028,7.014,7.16,45.8,1,0,0,
2026-06-09T01:30:00,24104.695,80.221,80.808,0.071,6.998,6.81,49.6,1,0,0,
2026-06-09T01:31:00,24112.532,79.797,80.523,0.069,6.904,7.09,51.1,1,0,0,
2026-06-09T01:32:00,24110.488,80.819,81.617,0.104,7.001,7.20,52.8,1,0,0,
2026-06-09T01:33:00,24104.861,80.022,80.642,0.046,7.425,6.98,50.7,1,0,0,
2026-06-09T01:34:00,24101.198,80.266,81.169,0.033,7.160,7.13,46.3,1,0,0,
2026-06-09T01:35:00,24104.485,80.835,81.591,0.053,7.317,7.02,47.6,1,0,0,
2026-06-09T01:36:00,24107.495,79.869,80.649,0.061,7.237,6.89,50.9,1,0,0,
2026-06-09T01:37:00,24104.878,80.239,80.896,0.100,7.213,7.10,51.2,1,0,0,
2026-06-09T01:38:00,24109.087,80.420,81.083,0.054,7.116,6.85,51.7,1,0,0,
2026-06-09T01:39:00,24110.811,80.334,81.140,0.067,7.101,7.18,54.7,1,0,0,
2026-06-09T01:40:00,24114.284,80.465,81.205,0.082,6.945,6.85,52.9,1,0,0,
2026-06-09T01:41:00,24114.811,80.893,81.613,0.098,6.967,7.17,48.4,1,0,0,
2026-06-09T01:42:00,24114.759,80.260,80.928,0.073,7.127,7.19,54.3,1,0,0,
2026-06-09T01:43:00,24116.614,80.224,80.784,0.057,6.766,6.83,49.9,1,0,0,
2026-06-09T01:44:00,24109.818,80.664,81.206,0.090,6.716,6.88,48.4,1,0,0,
2026-06-09T01:45:00,24114.945,80.135,80.977,0.109,7.069,7.14,46.9,1,0,0,
2026-06-09T01:46:00,24109.375,80.546,81.411,0.073,7.120,7.02,52.1,1,0,0,
2026-06-09T01:47:00,24097.486,80.196,80.673,0.086,7.228,6.81,46.0,1,0,0,
2026-06-09T01:48:00,24114.663,81.310,81.577,0.067,7.176,6.92,45.3,1,0,0,
2026-06-09T01:49:00,24109.877,80.581,81.553,0.094,7.220,7.10,54.9,1,0,0,
2026-06-09T01:50:00,24112.407,81.175,81.922,0.065,7.146,7.14,52.7,1,0,0,
2026-06-09T01:51:00,24111.508,80.673,81.200,0.036,7.471,7.05,46.5,1,0,0,
2026-06-09T01:52:00,24108.203,80.743,81.360,0.089,7.189,6.98,45.4,1,0,0,
2026-06-09T01:53:00,24096.519,80.210,80.835,0.072,7.064,7.05,52.1,1,0,0,
2026-06-09T01:54:00,24110.476,79.876,80.513,0.028,6.852,7.05,45.3,1,0,0,
2026-06-09T01:55:00,24113.646,80.555,81.159,0.063,7.354,7.16,53.4,1,0,0,
2026-06-09T01:56:00,24113.427,80.444,81.019,0.086,7.381,6.81,53.9,1,0,0,
2026-06-09T01:57:00,24114.534,80.309,81.107,0.054,7.376,6.85,54.3,1,0,0,
2026-06-09T01:58:00,24110.077,80.394,81.022,0.072,6.954,6.87,50.3,1,0,0,
2026-06-09T01:59:00,24104.127,80.772,81.613,0.037,7.013,6.96,52.1,1,0,0,
2026-06-09T02:00:00,24106.026,80.990,81.498,0.063,7.314,7.16,50.3,1,0,0,
2026-06-09T02:01:00,24112.160,80.711,81.352,0.096,7.197,6.98,53.1,1,0,0,
2026-06-09T02:02:00,24109.408,81.039,81.573,0.085,7.339,6.90,53.8,1,0,0,
2026-06-09T02:03:00,24100.801,81.286,82.043,0.068,6.952,7.19,46.1,1,0,0,
2026-06-09T02:04:00,24103.998,81.107,81.966,0.082,7.124,7.12,46.3,1,0,0,
2026-06-09T02:05:00,24105.466,80.543,81.055,0.070,7.475,7.10,45.5,1,0,0,
2026-06-09T02:06:00,24108.241,81.171,81.845,0.052,7.124,7.06,51.0,1,0,0,
2026-06-09T02:07:00,24107.740,80.915,81.603,0.063,7.126,7.16,53.5,1,0,0,
2026-06-09T02:08:00,24104.686,80.848,81.605,0.093,7.370,7.11,53.4,1,0,0,
2026-06-09T02:09:00,24105.658,80.608,81.359,0.068,7.152,6.97,53.5,1,0,0,
2026-06-09T02:10:00,24107.312,81.019,81.748,0.057,7.041,7.15,49.3,1,0,0,
2026-06-09T02:11:00,24110.280,80.954,81.746,0.069,7.503,7.15,45.7,1,0,0,
2026-06-09T02:12:00,24105.193,80.484,80.918,0.078,6.872,6.89,46.7,1,0,0,
2026-06-09T02:13:00,24113.396,80.071,80.695,0.066,7.151,6.82,54.8,1,0,0,
2026-06-09T02:14:00,24120.333,80.349,81.135,0.009,7.237,6.84,53.7,1,0,0,
2026-06-09T02:15:00,24116.419,81.005,81.789,0.007,7.274,7.03,49.6,1,0,0,
2026-06-09T02:16:00,24113.934,80.589,81.341,0.077,7.493,7.00,48.8,1,0,0,
2026-06-09T02:17:00,24110.427,81.119,81.779,0.038,7.340,7.12,54.5,1,0,0,
2026-06-09T02:18:00,24107.197,80.386,81.120,0.104,7.211,6.99,53.0,1,0,0,
2026-06-09T02:19:00,24112.753,80.573,81.443,0.068,7.343,7.08,49.3,1,0,0,
2026-06-09T02:20:00,24115.110,81.155,82.243,0.097,7.014,7.10,51.9,1,0,0,
2026-06-09T02:21:00,24111.594,81.515,81.946,0.105,7.146,6.88,46.7,1,0,0,
2026-06-09T02:22:00,24110.552,81.863,82.511,0.089,7.498,6.82,47.4,1,0,0,
2026-06-09T02:23:00,24112.933,80.601,81.461,0.078,6.895,7.02,49.5,1,0,0,
2026-06-09T02:24:00,24110.077,81.006,81.999,0.059,7.042,7.16,54.2,1,0,0,
2026-06-09T02:25:00,24113.452,80.955,81.519,0.065,7.487,7.03,46.1,1,0,0,
2026-06-09T02:26:00,24114.822,81.383,82.044,0.092,7.150,7.00,50.7,1,0,0,
2026-06-09T02:27:00,24116.989,80.947,81.821,0.057,7.208,6.85,45.5,1,0,0,
2026-06-09T02:28:00,24115.293,81.050,81.782,0.033,7.282,6.96,50.0,1,0,0,
2026-06-09T02:29:00,24106.796,81.159,81.829,0.090,7.422,6.88,54.5,1,0,0,
2026-06-09T02:30:00,24104.556,80.770,81.713,0.067,6.970,6.92,49.2,1,0,0,
2026-06-09T02:31:00,24113.334,81.662,82.287,0.065,7.283,6.97,48.3,1,0,0,
2026-06-09T02:32:00,24108.033,81.412,82.289,0.102,7.235,7.19,54.1,1,0,0,
2026-06-09T02:33:00,24109.468,81.887,82.743,0.120,7.386,6.96,45.6,1,0,0,
2026-06-09T02:34:00,24113.260,80.941,81.690,0.081,7.393,7.13,54.7,1,0,0,
2026-06-09T02:35:00,24116.299,81.017,81.387,0.064,7.251,7.09,45.4,1,0,0,
2026-06-09T02:36:00,24106.423,81.400,82.041,0.056,7.122,7.07,54.2,1,0,0,
2026-06-09T02:37:00,24115.007,81.124,81.665,0.071,7.251,7.13,51.0,1,0,0,
2026-06-09T02:38:00,24104.558,81.283,82.189,0.058,7.097,6.89,48.7,1,0,0,
2026-06-09T02:39:00,24120.802,80.928,81.760,0.096,7.349,7.19,48.5,1,0,0,
2026-06-09T02:40:00,24112.027,81.051,81.748,0.049,7.414,6.83,52.3,1,0,0,
2026-06-09T02:41:00,24115.520,81.392,81.954,0.061,7.170,6.96,49.7,1,0,0,
2026-06-09T02:42:00,24105.441,81.436,82.194,0.091,7.204,7.01,49.9,1,0,0,
2026-06-09T02:43:00,24109.862,80.762,81.358,0.055,7.153,7.16,51.2,1,0,0,
2026-06-09T02:44:00,24107.977,81.302,82.005,0.056,7.261,7.18,48.1,1,0,0,
2026-06-09T02:45:00,24106.863,81.122,81.802,0.055,6.890,6.98,47.7,1,0,0,
2026-06-09T02:46:00,24103.107,81.168,81.797,0.100,7.345,7.10,52.4,1,0,0,
2026-06-09T02:47:00,24109.103,81.705,82.414,0.102,7.270,6.84,52.5,1,0,0,
2026-06-09T02:48:00,24111.812,80.814,81.489,0.048,7.534,7.18,45.1,1,0,0,
2026-06-09T02:49:00,24103.503,81.217,82.041,0.047,7.401,6.81,50.6,1,0,0,
2026-06-09T02:50:00,24103.578,81.124,81.788,0.110,7.584,6.96,50.8,1,0,0,
2026-06-09T02:51:00,24108.960,81.259,82.089,0.073,7.278,6.91,48.9,1,0,0,
2026-06-09T02:52:00,24102.846,81.260,81.787,0.065,7.443,7.14,49.5,1,0,0,
2026-06-09T02:53:00,24107.634,81.189,81.769,0.015,7.226,6.96,52.0,1,0,0,
2026-06-09T02:54:00,24112.726,81.628,82.429,0.107,7.075,7.14,53.0,1,0,0,
2026-06-09T02:55:00,24099.135,80.906,81.541,0.099,7.473,6.88,48.4,1,0,0,
2026-06-09T02:56:00,24106.216,81.135,81.923,0.064,7.092,7.02,47.6,1,0,0,
2026-06-09T02:57:00,24112.808,81.267,81.759,0.043,7.177,7.15,51.1,1,0,0,
2026-06-09T02:58:00,24113.636,81.690,82.550,0.097,7.159,7.14,45.3,1,0,0,
2026-06-09T02:59:00,24107.524,81.405,82.179,0.109,7.448,7.12,52.7,1,0,0,
2026-06-09T03:00:00,24110.495,81.546,82.229,0.063,7.438,7.04,52.4,1,0,0,
2026-06-09T03:01:00,24109.751,81.397,81.930,0.082,7.426,6.88,50.5,1,0,0,
2026-06-09T03:02:00,24110.589,80.797,81.583,0.044,7.509,6.83,53.1,1,0,0,
2026-06-09T03:03:00,24112.707,80.853,81.482,0.091,7.351,6.92,48.2,1,0,0,
2026-06-09T03:04:00,24104.372,82.107,83.032,0.066,7.150,6.90,48.9,1,0,0,
2026-06-09T03:05:00,24106.461,80.944,81.605,0.064,7.208,7.03,47.8,1,0,0,
2026-06-09T03:06:00,24098.352,81.524,82.011,0.018,7.115,6.92,54.8,1,0,0,
2026-06-09T03:07:00,24107.291,81.088,81.719,0.076,7.279,7.08,54.6,1,0,0,
2026-06-09T03:08:00,24106.040,81.363,81.836,0.046,7.371,6.95,45.3,1,0,0,
2026-06-09T03:09:00,24100.779,81.836,82.505,0.047,7.329,7.12,54.2,1,0,0,
2026-06-09T03:10:00,24108.705,81.676,82.563,0.102,7.222,6.87,53.6,1,0,0,
2026-06-09T03:11:00,24106.138,81.342,81.933,0.059,7.110,7.07,48.6,1,0,0,
2026-06-09T03:12:00,24099.031,81.284,82.095,0.094,7.247,7.16,51.1,1,0,0,
2026-06-09T03:13:00,24103.012,81.557,82.125,0.096,7.290,7.11,49.1,1,0,0,
2026-06-09T03:14:00,24097.048,81.603,82.403,0.099,7.121,7.19,51.0,1,0,0,
2026-06-09T03:15:00,24105.059,81.567,82.163,0.041,7.289,7.17,53.1,1,0,0,
2026-06-09T03:16:00,24100.782,81.159,82.190,0.022,7.475,7.08,54.7,1,0,0,
2026-06-09T03:17:00,24101.558,81.093,81.548,0.052,7.367,7.13,47.3,1,0,0,
2026-06-09T03:18:00,24100.809,81.301,81.901,0.119,7.226,7.13,46.1,1,0,0,
2026-06-09T03:19:00,24108.493,81.890,82.507,0.036,7.189,7.10,47.4,1,0,0,
2026-06-09T03:20:00,24101.521,81.130,81.677,0.055,7.374,6.99,51.0,1,0,0,
2026-06-09T03:21:00,24102.860,80.498,81.438,0.081,7.487,7.16,51.3,1,0,0,
2026-06-09T03:22:00,24097.696,81.287,81.862,0.088,7.270,6.88,53.0,1,0,0,
2026-06-09T03:23:00,24102.440,81.552,82.119,0.073,7.301,6.99,49.3,1,0,0,
2026-06-09T03:24:00,24108.385,81.819,82.588,0.067,7.459,6.94,51.5,1,0,0,
2026-06-09T03:25:00,24107.640,81.220,82.045,0.084,7.364,7.04,53.7,1,0,0,
2026-06-09T03:26:00,24108.284,81.809,82.551,0.072,7.356,7.15,45.1,1,0,0,
2026-06-09T03:27:00,24103.531,82.170,82.966,0.068,7.054,7.04,53.1,1,0,0,
2026-06-09T03:28:00,24111.116,81.219,82.041,0.129,7.218,7.18,53.8,1,0,0,
2026-06-09T03:29:00,24098.414,81.178,81.909,0.083,7.301,6.98,45.7,1,0,0,
2026-06-09T03:30:00,24106.599,81.511,82.213,0.062,7.353,6.81,46.4,1,0,0,
2026-06-09T03:31:00,24100.353,81.609,82.385,0.084,7.164,6.99,49.7,1,0,0,
2026-06-09T03:32:00,24103.812,81.368,82.174,0.030,7.258,7.14,47.6,1,0,0,
2026-06-09T03:33:00,24102.827,81.285,82.188,0.110,7.230,7.16,46.2,1,0,0,
2026-06-09T03:34:00,24099.720,81.202,81.643,0.096,7.242,7.16,49.8,1,0,0,
2026-06-09T03:35:00,24106.038,82.150,83.071,0.034,7.146,7.01,50.0,1,0,0,
2026-06-09T03:36:00,24100.249,81.991,82.825,0.116,7.457,7.09,51.6,1,0,0,
2026-06-09T03:37:00,24100.124,81.802,82.679,0.114,7.380,6.93,52.8,1,0,0,
2026-06-09T03:38:00,24107.924,81.404,82.034,0.021,7.125,6.85,52.5,1,0,0,
2026-06-09T03:39:00,24105.284,82.048,82.870,0.089,7.390,7.18,49.3,1,0,0,
2026-06-09T03:40:00,24101.167,81.517,82.303,0.033,7.155,6.89,52.6,1,0,0,
2026-06-09T03:41:00,24101.787,81.793,82.644,0.060,7.388,6.83,52.4,1,0,0,
2026-06-09T03:42:00,24099.588,81.124,81.904,0.106,7.248,6.97,46.6,1,0,0,
2026-06-09T03:43:00,24094.562,81.860,82.605,0.100,7.275,7.02,52.4,1,0,0,
2026-06-09T03:44:00,24103.642,81.451,82.279,0.008,7.229,6.89,53.4,1,0,0,
2026-06-09T03:45:00,24100.386,81.220,81.804,0.061,7.282,7.00,50.1,1,0,0,
2026-06-09T03:46:00,24117.987,81.748,82.287,0.118,7.209,6.87,53.4,1,0,0,
2026-06-09T03:47:00,24103.499,81.150,81.852,0.068,7.250,7.06,46.9,1,0,0,
2026-06-09T03:48:00,24097.075,81.470,82.238,0.102,7.263,7.11,51.1,1,0,0,
2026-06-09T03:49:00,24100.914,81.603,82.025,0.083,7.390,7.13,51.2,1,0,0,
2026-06-09T03:50:00,24102.201,81.650,82.737,0.061,7.263,7.07,53.1,1,0,0,
2026-06-09T03:51:00,24102.512,81.481,82.289,0.017,7.397,7.09,47.2,1,0,0,
2026-06-09T03:52:00,24095.099,81.640,82.351,0.086,7.120,7.19,47.7,1,0,0,
2026-06-09T03:53:00,24092.948,81.338,81.803,0.054,7.170,6.96,45.2,1,0,0,
2026-06-09T03:54:00,24106.123,81.205,81.737,0.118,7.305,7.03,52.8,1,0,0,
2026-06-09T03:55:00,24103.153,81.529,82.168,0.088,7.261,6.84,48.3,1,0,0,
2026-06-09T03:56:00,24096.393,81.327,82.082,0.106,7.140,7.04,51.1,1,0,0,
2026-06-09T03:57:00,24096.083,81.594,82.239,0.076,7.201,7.04,54.2,1,0,0,
2026-06-09T03:58:00,24096.159,81.483,82.123,0.060,7.159,7.13,49.2,1,0,0,
2026-06-09T03:59:00,24098.438,81.107,81.906,0.062,7.320,7.05,49.2,1,0,0,
2026-06-09T04:00:00,24094.714,81.298,82.073,0.081,7.082,7.01,47.8,1,0,0,
2026-06-09T04:01:00,24104.750,81.804,82.583,0.109,7.128,6.82,47.9,1,0,0,
2026-06-09T04:02:00,24102.422,81.524,81.918,0.041,6.890,7.20,45.9,1,0,0,
2026-06-09T04:03:00,24098.356,81.426,82.131,0.103,7.275,6.93,47.3,1,0,0,
2026-06-09T04:04:00,24091.229,81.586,82.095,0.111,7.025,7.03,52.0,1,0,0,
2026-06-09T04:05:00,24104.227,81.684,82.464,0.095,7.340,7.10,52.9,1,0,0,
2026-06-09T04:06:00,24094.593,81.938,82.407,0.082,7.094,7.04,52.2,1,0,0,
2026-06-09T04:07:00,24101.824,81.668,82.257,0.055,7.231,7.02,45.1,1,0,0,
2026-06-09T04:08:00,24099.732,81.557,82.217,0.047,7.151,7.08,51.0,1,0,0,
2026-06-09T04:09:00,24103.127,81.378,82.326,0.112,7.124,7.04,52.9,1,0,0,
2026-06-09T04:10:00,24103.687,81.166,81.630,0.116,6.767,6.89,52.3,1,0,0,
2026-06-09T04:11:00,24101.646,81.751,82.448,0.071,7.131,7.20,48.5,1,0,0,
2026-06-09T04:12:00,24099.852,81.495,82.512,0.056,7.286,7.16,46.7,1,0,0,
2026-06-09T04:13:00,24097.801,81.206,81.669,0.058,7.272,6.92,49.6,1,0,0,
2026-06-09T04:14:00,24108.015,81.482,82.227,0.062,7.132,6.94,50.6,1,0,0,
2026-06-09T04:15:00,24101.446,81.251,82.018,0.070,6.886,7.13,54.5,1,0,0,
2026-06-09T04:16:00,24090.520,81.445,82.031,0.035,7.209,7.12,45.3,1,0,0,
2026-06-09T04:17:00,24094.991,81.843,82.540,0.073,6.867,6.92,45.9,1,0,0,
2026-06-09T04:18:00,24097.325,81.744,82.449,0.062,7.182,7.07,47.1,1,0,0,
2026-06-09T04:19:00,24096.751,81.559,82.199,0.080,7.025,7.02,49.3,1,0,0,
2026-06-09T04:20:00,24107.409,81.417,81.900,0.060,6.904,6.84,46.7,1,0,0,
2026-06-09T04:21:00,24101.176,82.020,82.706,0.067,6.845,6.99,52.1,1,0,0,
2026-06-09T04:22:00,24097.022,81.571,82.116,0.069,7.103,7.09,52.2,1,0,0,
2026-06-09T04:23:00,24094.690,81.475,81.929,0.093,6.949,6.83,50.3,1,0,0,
2026-06-09T04:24:00,24100.375,81.934,82.740,0.034,7.143,6.80,50.6,1,0,0,
2026-06-09T04:25:00,24096.261,81.077,81.794,0.052,6.948,7.05,53.5,1,0,0,
2026-06-09T04:26:00,24094.450,81.682,82.395,0.092,6.983,7.01,54.6,1,0,0,
2026-06-09T04:27:00,24097.233,81.458,82.089,0.051,7.073,6.88,50.2,1,0,0,
2026-06-09T04:28:00,24089.806,81.615,82.438,0.081,6.798,7.18,50.9,1,0,0,
2026-06-09T04:29:00,24097.999,81.143,81.783,0.075,7.038,7.13,49.0,1,0,0,
2026-06-09T04:30:00,24100.574,81.780,82.364,0.085,6.957,6.85,54.0,1,0,0,
2026-06-09T04:31:00,24087.252,81.394,82.262,0.062,7.100,6.98,49.0,1,0,0,
2026-06-09T04:32:00,24103.238,81.921,82.740,0.093,7.163,6.92,48.6,1,0,0,
2026-06-09T04:33:00,24098.167,81.576,82.143,0.071,6.899,6.82,53.5,1,0,0,
2026-06-09T04:34:00,24104.739,81.550,82.111,0.055,6.765,7.07,49.3,1,0,0,
2026-06-09T04:35:00,24097.346,81.466,82.210,0.062,7.010,6.95,49.1,1,0,0,
2026-06-09T04:36:00,24097.174,81.471,82.176,0.054,6.892,7.20,50.2,1,0,0,
2026-06-09T04:37:00,24097.490,81.635,82.417,0.108,7.200,6.83,50.5,1,0,0,
2026-06-09T04:38:00,24097.434,81.156,81.608,0.076,6.898,6.89,49.9,1,0,0,
2026-06-09T04:39:00,24086.350,81.386,82.199,0.071,7.317,6.82,52.1,1,0,0,
2026-06-09T04:40:00,24095.795,81.854,82.532,0.036,6.945,7.11,54.4,1,0,0,
2026-06-09T04:41:00,24102.369,81.352,82.167,0.037,7.169,6.82,47.5,1,0,0,
2026-06-09T04:42:00,24097.353,81.350,82.156,0.052,6.882,6.91,47.9,1,0,0,
2026-06-09T04:43:00,24093.767,81.505,82.289,0.036,7.317,7.07,52.2,1,0,0,
2026-06-09T04:44:00,24088.919,81.530,82.003,0.071,7.035,7.14,45.3,1,0,0,
2026-06-09T04:45:00,24093.434,81.429,82.103,0.070,6.960,7.03,49.1,1,0,0,
2026-06-09T04:46:00,24091.666,81.453,82.265,0.070,7.095,7.05,51.9,1,0,0,
2026-06-09T04:47:00,24092.534,81.137,81.738,0.058,7.242,7.01,50.3,1,0,0,
2026-06-09T04:48:00,24089.428,81.191,81.940,0.087,6.976,6.89,53.2,1,0,0,
2026-06-09T04:49:00,24097.849,81.113,81.771,0.099,6.887,6.95,48.6,1,0,0,
2026-06-09T04:50:00,24101.657,81.349,82.166,0.091,6.907,7.04,54.2,1,0,0,
2026-06-09T04:51:00,24089.477,81.685,82.189,0.063,6.720,7.06,48.9,1,0,0,
2026-06-09T04:52:00,24093.333,81.167,81.753,0.060,6.893,6.91,50.3,1,0,0,
2026-06-09T04:53:00,24088.053,80.859,81.539,0.031,6.775,6.98,48.8,1,0,0,
2026-06-09T04:54:00,24097.337,81.165,81.804,0.078,6.778,7.10,45.1,1,0,0,
2026-06-09T04:55:00,24098.768,81.194,81.876,0.085,6.673,7.04,53.9,1,0,0,
2026-06-09T04:56:00,24089.616,81.587,82.253,0.022,6.961,7.03,49.2,1,0,0,
2026-06-09T04:57:00,24092.052,81.150,81.948,0.024,6.768,6.81,49.6,1,0,0,
2026-06-09T04:58:00,24089.049,81.839,82.543,0.071,6.628,7.03,53.9,1,0,0,
2026-06-09T04:59:00,24081.551,81.697,82.369,0.070,6.583,7.05,49.7,1,0,0,
2026-06-09T05:00:00,24086.111,81.231,82.072,0.021,6.747,7.08,45.3,1,0,0,
2026-06-09T05:01:00,24089.636,81.946,82.533,0.103,6.953,7.05,46.6,1,0,0,
2026-06-09T05:02:00,24082.527,81.628,82.345,0.063,6.882,6.82,45.6,1,0,0,
2026-06-09T05:03:00,24088.940,81.676,82.595,0.036,6.924,6.85,49.7,1,0,0,
2026-06-09T05:04:00,24095.830,81.449,82.117,0.090,6.724,7.16,50.0,1,0,0,
2026-06-09T05:05:00,24088.274,81.761,82.710,0.042,6.596,6.88,49.0,1,0,0,
2026-06-09T05:06:00,24091.720,80.992,81.870,0.032,6.480,7.03,48.7,1,0,0,
2026-06-09T05:07:00,24091.807,81.084,81.540,0.079,7.113,7.00,46.5,1,0,0,
2026-06-09T05:08:00,24089.373,81.151,81.749,0.079,6.641,7.10,50.1,1,0,0,
2026-06-09T05:09:00,24097.122,81.474,82.525,0.051,6.612,6.86,45.4,1,0,0,
2026-06-09T05:10:00,24099.185,80.896,81.706,0.111,6.619,6.84,51.9,1,0,0,
2026-06-09T05:11:00,24095.717,81.318,82.073,0.086,6.952,6.82,49.2,1,0,0,
2026-06-09T05:12:00,24088.134,81.440,82.112,0.076,6.852,6.97,51.4,1,0,0,
2026-06-09T05:13:00,24087.610,81.381,82.038,0.097,6.914,7.07,45.4,1,0,0,
2026-06-09T05:14:00,24093.958,81.143,81.767,0.091,6.950,6.83,48.8,1,0,0,
2026-06-09T05:15:00,24101.202,81.362,82.053,0.079,6.816,7.15,53.4,1,0,0,
2026-06-09T05:16:00,24094.868,81.104,82.021,0.032,6.742,7.05,51.7,1,0,0,
2026-06-09T05:17:00,24087.554,81.574,82.108,0.035,6.978,6.84,51.8,1,0,0,
2026-06-09T05:18:00,24093.757,81.455,82.146,0.085,6.911,7.18,52.1,1,0,0,
2026-06-09T05:19:00,24091.538,81.636,82.415,0.071,6.768,7.12,48.5,1,0,0,
2026-06-09T05:20:00,24087.075,80.923,81.632,0.081,6.867,7.12,50.9,1,0,0,
2026-06-09T05:21:00,24091.555,81.028,81.885,0.116,6.718,6.97,50.8,1,0,0,
2026-06-09T05:22:00,24089.580,80.897,81.686,0.064,6.788,6.94,47.5,1,0,0,
2026-06-09T05:23:00,24092.592,81.177,81.881,0.069,6.875,7.06,46.2,1,0,0,
2026-06-09T05:24:00,24085.289,80.649,81.063,0.103,6.661,7.19,50.9,1,0,0,
2026-06-09T05:25:00,24095.001,80.675,81.539,0.116,6.765,7.20,50.4,1,0,0,
2026-06-09T05:26:00,24092.788,81.544,82.388,0.071,6.691,6.93,53.4,1,0,0,
2026-06-09T05:27:00,24088.742,81.176,81.552,0.084,6.838,6.93,54.8,1,0,0,
2026-06-09T05:28:00,24083.916,81.195,81.734,0.048,6.921,7.00,51.3,1,0,0,
2026-06-09T05:29:00,24104.122,80.955,81.685,0.050,6.647,7.05,53.7,1,0,0,
2026-06-09T05:30:00,24086.355,81.177,81.909,0.067,6.773,7.07,54.3,1,0,0,
2026-06-09T05:31:00,24094.506,80.929,81.454,0.065,6.664,6.99,51.8,1,0,0,
2026-06-09T05:32:00,24090.298,81.141,81.902,0.083,6.620,6.85,53.2,1,0,0,
2026-06-09T05:33:00,24095.797,81.083,81.818,0.081,6.700,7.14,53.9,1,0,0,
2026-06-09T05:34:00,24083.028,81.192,81.760,0.083,6.584,7.16,49.9,1,0,0,
2026-06-09T05:35:00,24094.612,81.477,82.441,0.028,6.831,7.03,54.1,1,0,0,
2026-06-09T05:36:00,24097.924,80.825,81.438,0.108,6.728,7.01,50.1,1,0,0,
2026-06-09T05:37:00,24078.697,81.153,81.834,0.023,6.633,6.88,48.9,1,0,0,
2026-06-09T05:38:00,24082.739,80.592,81.384,0.048,6.603,6.95,46.4,1,0,0,
2026-06-09T05:39:00,24088.572,81.331,82.242,0.091,6.366,7.17,48.0,1,0,0,
2026-06-09T05:40:00,24090.751,81.345,82.066,0.089,6.447,7.06,48.6,1,0,0,
2026-06-09T05:41:00,24095.994,81.411,82.222,0.085,6.454,7.16,53.0,1,0,0,
2026-06-09T05:42:00,24091.619,80.901,81.655,0.059,6.685,7.08,53.3,1,0,0,
2026-06-09T05:43:00,24081.775,80.906,81.529,0.060,6.696,6.91,46.4,1,0,0,
2026-06-09T05:44:00,24090.723,81.257,81.857,0.099,6.583,7.10,53.1,1,0,0,
2026-06-09T05:45:00,24101.309,81.093,82.024,0.075,6.261,6.87,45.6,1,0,0,
2026-06-09T05:46:00,24090.645,81.126,81.754,0.041,6.391,7.13,45.4,1,0,0,
2026-06-09T05:47:00,24093.510,81.352,82.208,0.063,6.372,6.84,52.6,1,0,0,
2026-06-09T05:48:00,24083.621,80.654,81.185,0.081,6.837,7.13,52.8,1,0,0,
2026-06-09T05:49:00,24086.156,81.257,82.225,0.087,6.628,6.93,54.6,1,0,0,
2026-06-09T05:50:00,24090.308,80.798,81.550,0.109,6.508,6.87,49.6,1,0,0,
2026-06-09T05:51:00,24085.688,81.354,81.695,0.048,6.260,6.83,53.4,1,0,0,
2026-06-09T05:52:00,24089.699,81.098,81.762,0.042,6.380,7.09,46.2,1,0,0,
2026-06-09T05:53:00,24092.417,81.051,81.558,0.089,6.547,6.80,46.9,1,0,0,
2026-06-09T05:54:00,24098.218,80.506,81.290,0.059,6.323,6.80,51.8,1,0,0,
2026-06-09T05:55:00,24093.367,80.684,80.975,0.046,6.560,7.08,53.9,1,0,0,
2026-06-09T05:56:00,24087.272,80.519,81.460,0.062,6.604,6.91,46.6,1,0,0,
2026-06-09T05:57:00,24084.153,81.383,82.121,0.015,6.462,7.17,46.4,1,0,0,
2026-06-09T05:58:00,24093.184,80.567,81.259,0.112,6.524,6.84,49.1,1,0,0,
2026-06-09T05:59:00,24095.650,80.481,81.046,0.064,6.271,6.81,50.1,1,0,0,
2026-06-09T06:00:00,24096.192,80.989,81.638,0.047,6.348,6.88,53.7,1,0,0,
2026-06-09T06:01:00,24090.587,81.129,81.811,0.115,6.466,7.07,53.6,1,0,0,
2026-06-09T06:02:00,24097.539,80.337,80.791,0.045,6.359,7.12,48.5,1,0,0,
2026-06-09T06:03:00,24086.121,80.986,81.784,0.092,6.860,6.80,47.4,1,0,0,
2026-06-09T06:04:00,24096.042,80.502,81.283,0.052,6.374,6.88,51.5,1,0,0,
2026-06-09T06:05:00,24094.462,80.551,81.184,0.047,6.585,7.02,53.8,1,0,0,
2026-06-09T06:06:00,24081.407,80.454,81.176,0.050,6.467,6.88,45.7,1,0,0,
2026-06-09T06:07:00,24088.865,81.043,81.577,0.074,6.497,6.81,48.8,1,0,0,
2026-06-09T06:08:00,24083.570,80.341,81.034,0.034,6.500,6.84,47.1,1,0,0,
2026-06-09T06:09:00,24084.810,80.638,81.392,0.103,6.275,7.10,47.6,1,0,0,
2026-06-09T06:10:00,24088.468,80.994,81.840,0.065,6.564,6.99,54.8,1,0,0,
2026-06-09T06:11:00,24087.314,80.657,81.243,0.065,6.194,6.91,45.0,1,0,0,
2026-06-09T06:12:00,24095.782,80.751,81.187,0.085,6.458,7.09,47.0,1,0,0,
2026-06-09T06:13:00,24081.772,80.782,81.487,0.082,6.218,6.81,52.6,1,0,0,
2026-06-09T06:14:00,24094.827,80.387,81.093,0.097,6.592,6.88,47.7,1,0,0,
2026-06-09T06:15:00,24105.067,80.749,81.456,0.071,6.312,6.85,52.9,1,0,0,
2026-06-09T06:16:00,24083.600,80.437,80.991,0.063,6.618,6.83,47.5,1,0,0,
2026-06-09T06:17:00,24089.533,81.070,81.911,0.134,6.344,7.20,55.0,1,0,0,
2026-06-09T06:18:00,24088.080,80.744,81.494,0.096,6.322,6.82,50.4,1,0,0,
2026-06-09T06:19:00,24091.417,80.345,81.181,0.001,6.105,6.91,48.2,1,0,0,
2026-06-09T06:20:00,24090.269,81.095,81.730,0.061,6.280,7.09,45.5,1,0,0,
2026-06-09T06:21:00,24084.965,80.299,80.793,0.065,6.599,6.84,51.2,1,0,0,
2026-06-09T06:22:00,24091.836,80.549,80.953,0.098,6.165,7.00,49.7,1,0,0,
2026-06-09T06:23:00,24085.661,80.668,81.572,0.051,6.291,7.12,53.5,1,0,0,
2026-06-09T06:24:00,24094.955,80.190,80.869,0.068,6.410,7.10,45.6,1,0,0,
2026-06-09T06:25:00,24087.908,80.856,81.649,0.039,6.277,6.98,53.0,1,0,0,
2026-06-09T06:26:00,24087.454,80.903,81.651,0.047,6.311,6.82,49.0,1,0,0,
2026-06-09T06:27:00,24088.135,80.295,81.072,0.094,6.188,7.03,45.8,1,0,0,
2026-06-09T06:28:00,24098.683,80.880,81.646,0.085,6.441,7.06,52.5,1,0,0,
2026-06-09T06:29:00,24091.413,80.477,81.383,0.069,6.419,6.85,46.1,1,0,0,
2026-06-09T06:30:00,24085.193,80.641,81.213,0.056,6.026,6.82,49.5,1,0,0,
2026-06-09T06:31:00,24094.716,80.308,81.045,0.105,6.275,7.04,54.8,1,0,0,
2026-06-09T06:32:00,24092.840,80.060,80.965,0.041,6.333,7.17,46.1,1,0,0,
2026-06-09T06:33:00,24096.394,80.254,80.755,0.096,6.306,7.14,53.2,1,0,0,
2026-06-09T06:34:00,24089.245,80.814,81.702,0.080,6.482,6.97,49.0,1,0,0,
2026-06-09T06:35:00,24080.547,80.546,81.094,0.078,6.291,6.92,49.0,1,0,0,
2026-06-09T06:36:00,24100.031,80.601,81.406,0.060,6.047,7.08,52.8,1,0,0,
2026-06-09T06:37:00,24088.189,80.529,81.176,0.052,6.313,6.90,45.9,1,0,0,
2026-06-09T06:38:00,24082.412,80.907,81.731,0.028,6.280,6.82,52.2,1,0,0,
2026-06-09T06:39:00,24093.259,80.386,81.312,0.074,6.214,6.88,55.0,1,0,0,
2026-06-09T06:40:00,24091.966,80.399,81.185,0.074,6.222,7.00,48.7,1,0,0,
2026-06-09T06:41:00,24082.383,80.510,81.074,0.073,6.159,6.89,51.4,1,0,0,
2026-06-09T06:42:00,24085.369,80.054,80.813,0.083,6.025,6.88,51.4,1,0,0,
2026-06-09T06:43:00,24086.449,80.628,81.584,0.073,6.329,7.07,52.5,1,0,0,
2026-06-09T06:44:00,24089.640,80.494,81.088,0.077,6.387,6.95,45.5,1,0,0,
2026-06-09T06:45:00,24084.181,79.774,80.616,0.054,6.350,7.04,50.5,1,0,0,
2026-06-09T06:46:00,24092.910,80.260,80.876,0.047,6.057,6.91,46.6,1,0,0,
2026-06-09T06:47:00,24092.303,80.300,80.704,0.066,6.289,7.11,53.1,1,0,0,
2026-06-09T06:48:00,24095.226,80.541,81.255,0.047,6.377,6.87,46.5,1,0,0,
2026-06-09T06:49:00,24097.091,80.258,80.725,0.034,6.250,7.08,50.9,1,0,0,
2026-06-09T06:50:00,24091.280,80.166,80.650,0.111,5.950,6.99,49.2,1,0,0,
2026-06-09T06:51:00,24098.454,79.907,80.577,0.064,6.203,7.07,54.1,1,0,0,
2026-06-09T06:52:00,24096.740,80.127,80.942,0.037,5.821,6.87,47.4,1,0,0,
2026-06-09T06:53:00,24096.181,79.846,80.662,0.064,6.525,6.94,49.0,1,0,0,
2026-06-09T06:54:00,24092.220,79.708,80.595,0.051,6.313,6.89,45.3,1,0,0,
2026-06-09T06:55:00,24093.083,79.952,80.753,0.081,5.953,6.99,53.4,1,0,0,
2026-06-09T06:56:00,24095.215,79.225,79.487,0.111,6.045,7.09,49.1,1,0,0,
2026-06-09T06:57:00,24097.562,80.264,80.839,0.043,6.049,6.95,51.3,1,0,0,
2026-06-09T06:58:00,24094.834,80.248,81.221,0.038,6.030,7.17,52.2,1,0,0,
2026-06-09T06:59:00,24091.253,80.421,81.136,0.118,6.227,7.17,53.9,1,0,0,
2026-06-09T07:00:00,24097.430,79.959,80.811,0.043,6.123,6.89,47.4,1,0,0,
2026-06-09T07:01:00,24093.010,79.901,80.628,0.074,6.125,7.11,52.6,1,0,0,
2026-06-09T07:02:00,24089.468,79.979,80.459,0.081,6.164,7.07,54.6,1,0,0,
2026-06-09T07:03:00,24097.025,80.399,80.931,0.022,6.327,6.94,51.6,1,0,0,
2026-06-09T07:04:00,24096.351,80.272,80.848,0.065,6.026,6.93,50.0,1,0,0,
2026-06-09T07:05:00,24086.506,80.133,80.701,0.067,6.284,6.81,46.6,1,0,0,
2026-06-09T07:06:00,24077.866,79.793,80.369,0.063,6.283,6.84,45.2,1,0,0,
2026-06-09T07:07:00,24090.783,80.143,80.689,0.051,6.126,7.08,54.1,1,0,0,
2026-06-09T07:08:00,24093.778,79.364,80.043,0.062,6.107,6.88,45.1,1,0,0,
2026-06-09T07:09:00,24087.630,79.838,80.591,0.102,6.042,6.95,49.2,1,0,0,
2026-06-09T07:10:00,24091.887,79.938,80.445,0.090,5.939,6.91,47.7,1,0,0,
2026-06-09T07:11:00,24099.601,79.875,80.524,0.045,6.111,7.00,47.4,1,0,0,
2026-06-09T07:12:00,24092.967,80.122,81.093,0.082,5.864,6.97,51.6,1,0,0,
2026-06-09T07:13:00,24098.567,80.311,80.979,0.056,5.933,6.86,46.3,1,0,0,
2026-06-09T07:14:00,24095.479,79.472,80.245,0.083,5.816,7.07,51.9,1,0,0,
2026-06-09T07:15:00,24093.718,80.034,80.837,0.022,5.871,6.99,48.4,1,0,0,
2026-06-09T07:16:00,24096.839,79.491,80.525,0.052,6.021,6.88,53.6,1,0,0,
2026-06-09T07:17:00,24098.229,79.882,80.705,0.086,6.150,6.82,45.0,1,0,0,
2026-06-09T07:18:00,24099.057,79.630,80.172,0.086,5.947,7.03,48.3,1,0,0,
2026-06-09T07:19:00,24087.750,79.540,80.112,0.102,5.755,7.16,49.6,1,0,0,
2026-06-09T07:20:00,24083.269,79.723,80.385,0.096,5.852,7.06,50.9,1,0,0,
2026-06-09T07:21:00,24098.886,79.684,80.571,0.108,6.119,6.91,52.6,1,0,0,
2026-06-09T07:22:00,24095.533,79.475,80.061,0.115,5.897,7.01,54.1,1,0,0,
2026-06-09T07:23:00,24082.317,79.547,80.190,0.072,5.939,6.96,49.1,1,0,0,
2026-06-09T07:24:00,24107.736,79.451,79.967,0.067,6.076,7.12,49.4,1,0,0,
2026-06-09T07:25:00,24099.241,79.653,80.650,0.054,6.055,7.00,49.9,1,0,0,
2026-06-09T07:26:00,24096.260,79.773,80.420,0.078,5.875,6.93,54.1,1,0,0,
2026-06-09T07:27:00,24109.522,79.764,80.474,0.102,6.094,6.92,47.6,1,0,0,
2026-06-09T07:28:00,24096.184,79.589,80.130,0.080,5.918,7.15,45.5,1,0,0,
2026-06-09T07:29:00,24096.863,79.721,80.735,0.075,5.619,7.19,52.3,1,0,0,
2026-06-09T07:30:00,24092.954,79.844,80.335,0.074,5.801,6.80,48.8,1,0,0,
2026-06-09T07:31:00,24099.350,80.068,80.822,0.115,5.709,6.89,53.8,1,0,0,
2026-06-09T07:32:00,24097.603,79.049,79.563,0.074,6.122,7.19,54.0,1,0,0,
2026-06-09T07:33:00,24097.982,79.864,80.561,0.054,5.953,6.99,47.4,1,0,0,
2026-06-09T07:34:00,24099.516,79.385,80.336,0.070,5.668,7.08,53.9,1,0,0,
2026-06-09T07:35:00,24095.213,79.316,80.071,0.032,6.022,7.13,46.9,1,0,0,
2026-06-09T07:36:00,24104.875,79.355,80.150,0.071,5.912,7.14,51.0,1,0,0,
2026-06-09T07:37:00,24095.642,79.523,80.260,0.077,5.935,7.16,48.1,1,0,0,
2026-06-09T07:38:00,24101.854,79.229,79.938,0.053,5.525,7.10,48.1,1,0,0,
2026-06-09T07:39:00,24101.211,79.773,80.204,0.096,5.960,6.80,45.8,1,0,0,
2026-06-09T07:40:00,24101.728,79.616,80.426,0.066,5.772,7.12,48.8,1,0,0,
2026-06-09T07:41:00,24089.072,79.150,79.993,0.049,5.821,6.87,45.1,1,0,0,
2026-06-09T07:42:00,24099.374,79.220,80.099,0.101,5.740,6.90,49.3,1,0,0,
2026-06-09T07:43:00,24087.566,79.161,79.870,0.056,5.946,7.03,47.3,1,0,0,
2026-06-09T07:44:00,24103.995,79.155,79.517,0.024,5.978,6.81,46.6,1,0,0,
2026-06-09T07:45:00,24093.379,78.839,79.459,0.056,5.970,6.84,50.5,1,0,0,
2026-06-09T07:46:00,24099.690,79.534,80.213,0.077,5.689,7.15,49.3,1,0,0,
2026-06-09T07:47:00,24107.964,79.668,80.216,0.023,5.819,7.00,54.6,1,0,0,
2026-06-09T07:48:00,24100.649,79.302,80.260,0.067,5.804,6.89,50.8,1,0,0,
2026-06-09T07:49:00,24095.653,79.372,80.173,0.013,5.898,6.93,52.1,1,0,0,
2026-06-09T07:50:00,24104.723,79.039,79.771,0.089,5.767,6.91,45.7,1,0,0,
2026-06-09T07:51:00,24096.864,79.607,80.232,0.061,5.899,6.86,47.0,1,0,0,
2026-06-09T07:52:00,24103.061,79.344,80.044,0.084,5.826,7.15,52.8,1,0,0,
2026-06-09T07:53:00,24099.548,79.256,79.818,0.057,5.972,6.91,51.1,1,0,0,
2026-06-09T07:54:00,24113.497,79.244,79.859,0.081,6.134,7.05,52.9,1,0,0,
2026-06-09T07:55:00,24097.389,79.521,80.395,0.106,6.058,6.80,48.2,1,0,0,
2026-06-09T07:56:00,24103.432,79.280,79.978,0.123,5.755,7.16,51.8,1,0,0,
2026-06-09T07:57:00,24097.071,79.390,79.937,0.029,5.897,6.94,49.0,1,0,0,
2026-06-09T07:58:00,24098.213,78.960,79.530,0.058,6.048,7.02,54.7,1,0,0,
2026-06-09T07:59:00,24094.489,78.822,79.573,0.070,5.843,7.07,47.7,1,0,0,
2026-06-09T08:00:00,24103.968,79.328,80.155,0.068,5.742,6.91,53.3,1,0,0,
2026-06-09T08:01:00,24103.875,79.739,80.320,0.083,5.439,6.99,53.0,1,0,0,
2026-06-09T08:02:00,24098.214,78.658,79.426,0.067,5.874,6.90,51.5,1,0,0,
2026-06-09T08:03:00,24099.070,79.021,79.673,0.101,5.789,6.86,48.3,1,0,0,
2026-06-09T08:04:00,24100.662,79.230,80.161,0.033,5.677,7.06,47.2,1,0,0,
2026-06-09T08:05:00,24098.649,79.611,80.295,0.086,5.997,6.91,51.3,1,0,0,
2026-06-09T08:06:00,24101.921,79.115,79.629,0.071,5.905,7.06,52.7,1,0,0,
2026-06-09T08:07:00,24101.910,78.598,79.339,0.008,5.791,6.92,49.9,1,0,0,
2026-06-09T08:08:00,24095.800,78.873,79.649,0.066,5.494,6.85,51.3,1,0,0,
2026-06-09T08:09:00,24105.335,79.098,79.884,0.065,5.897,7.16,51.1,1,0,0,
2026-06-09T08:10:00,24096.291,78.823,79.584,0.097,5.972,7.05,53.3,1,0,0,
2026-06-09T08:11:00,24098.384,78.434,79.349,0.081,5.865,7.04,48.8,1,0,0,
2026-06-09T08:12:00,24101.080,78.622,79.403,0.092,5.729,7.12,52.0,1,0,0,
2026-06-09T08:13:00,24097.043,79.385,79.997,0.095,5.732,6.92,50.1,1,0,0,
2026-06-09T08:14:00,24114.162,79.202,79.780,0.071,5.787,6.83,46.8,1,0,0,
2026-06-09T08:15:00,24107.978,78.757,79.585,0.111,5.684,6.98,45.9,1,0,0,
2026-06-09T08:16:00,24109.880,78.935,79.854,0.072,5.784,6.90,53.6,1,0,0,
2026-06-09T08:17:00,24105.235,78.912,79.626,0.078,6.055,7.09,48.1,1,0,0,
2026-06-09T08:18:00,24098.966,79.076,79.996,0.063,5.869,7.09,48.8,1,0,0,
2026-06-09T08:19:00,24099.990,78.906,79.688,0.080,5.805,6.96,48.7,1,0,0,
2026-06-09T08:20:00,24106.149,79.153,79.846,0.055,5.384,7.12,53.0,1,0,0,
2026-06-09T08:21:00,24110.949,78.306,79.335,0.045,5.703,7.05,46.1,1,0,0,
2026-06-09T08:22:00,24095.528,78.723,79.144,0.115,5.625,6.86,48.1,1,0,0,
2026-06-09T08:23:00,24101.188,78.725,79.471,0.046,5.912,7.08,51.1,1,0,0,
2026-06-09T08:24:00,24100.512,78.301,78.920,0.075,5.887,7.20,54.5,1,0,0,
2026-06-09T08:25:00,24109.098,79.001,79.764,0.104,5.562,6.90,48.1,1,0,0,
2026-06-09T08:26:00,24098.178,78.565,79.491,0.084,5.846,6.96,52.0,1,0,0,
2026-06-09T08:27:00,24102.199,78.575,79.190,0.061,5.786,6.84,45.2,1,0,0,
2026-06-09T08:28:00,24107.449,78.682,79.314,0.074,5.747,7.04,49.0,1,0,0,
2026-06-09T08:29:00,24101.614,78.411,79.228,0.093,5.859,7.14,45.5,1,0,0,
2026-06-09T08:30:00,24107.198,78.760,79.501,0.075,5.620,7.19,49.1,1,0,0,
2026-06-09T08:31:00,24099.273,79.152,79.769,0.046,5.626,6.94,50.7,1,0,0,
2026-06-09T08:32:00,24106.402,78.665,79.238,0.073,6.018,6.80,50.0,1,0,0,
2026-06-09T08:33:00,24096.041,78.268,78.909,0.077,5.802,7.05,54.2,1,0,0,
2026-06-09T08:34:00,24102.754,78.854,79.747,0.034,5.570,7.12,52.4,1,0,0,
2026-06-09T08:35:00,24104.223,78.509,79.399,0.079,5.603,6.97,54.1,1,0,0,
2026-06-09T08:36:00,24107.730,78.575,79.271,0.060,5.920,7.10,53.3,1,0,0,
2026-06-09T08:37:00,24109.835,78.340,78.968,0.122,5.607,6.86,48.6,1,0,0,
2026-06-09T08:38:00,24095.960,78.721,79.365,0.147,5.625,6.85,53.4,1,0,0,
2026-06-09T08:39:00,24098.209,78.434,79.118,0.082,5.516,6.95,54.1,1,0,0,
2026-06-09T08:40:00,24093.230,78.186,79.017,0.111,5.625,6.97,49.8,1,0,0,
2026-06-09T08:41:00,24111.399,78.163,79.011,0.073,5.993,6.90,51.0,1,0,0,
2026-06-09T08:42:00,24107.789,78.359,78.943,0.067,5.564,6.93,51.4,1,0,0,
2026-06-09T08:43:00,24105.540,78.282,79.020,0.044,5.479,7.01,49.8,1,0,0,
2026-06-09T08:44:00,24104.964,78.307,79.253,0.103,5.799,6.88,48.5,1,0,0,
2026-06-09T08:45:00,24112.218,78.080,78.734,0.120,5.626,6.85,45.4,1,0,0,
2026-06-09T08:46:00,24111.347,78.030,78.555,0.063,5.879,6.99,47.8,1,0,0,
2026-06-09T08:47:00,24106.180,78.668,79.344,0.052,5.966,6.89,50.2,1,0,0,
2026-06-09T08:48:00,24106.744,78.549,79.403,0.080,5.900,6.93,48.3,1,0,0,
2026-06-09T08:49:00,24112.661,78.269,78.686,0.073,5.741,6.82,46.7,1,0,0,
2026-06-09T08:50:00,24104.636,78.293,79.035,0.041,5.649,7.07,53.0,1,0,0,
2026-06-09T08:51:00,24095.429,78.399,79.163,0.020,5.374,7.20,47.1,1,0,0,
2026-06-09T08:52:00,24105.776,77.408,78.109,0.069,5.562,6.95,48.3,1,0,0,
2026-06-09T08:53:00,24099.695,78.512,79.135,0.081,5.718,7.19,53.4,1,0,0,
2026-06-09T08:54:00,24100.535,78.373,78.694,0.082,5.810,6.97,49.9,1,0,0,
2026-06-09T08:55:00,24107.006,77.917,78.650,0.045,5.645,7.15,52.7,1,0,0,
2026-06-09T08:56:00,24110.188,78.178,79.053,0.065,5.713,6.84,51.4,1,0,0,
2026-06-09T08:57:00,24104.141,78.208,78.806,0.045,5.560,6.96,53.1,1,0,0,
2026-06-09T08:58:00,24102.975,77.943,78.877,0.087,5.734,6.80,50.0,1,0,0,
2026-06-09T08:59:00,24097.781,77.545,78.108,0.102,5.563,7.16,49.7,1,0,0,
2026-06-09T09:00:00,24109.022,77.978,78.424,0.094,5.964,7.13,53.3,1,0,0,
2026-06-09T09:01:00,24102.027,77.500,78.298,0.012,5.892,7.17,52.5,1,0,0,
2026-06-09T09:02:00,24107.149,77.587,78.060,0.035,6.067,7.07,53.0,1,0,0,
2026-06-09T09:03:00,24102.709,77.206,77.997,0.073,5.856,7.05,48.7,1,0,0,
2026-06-09T09:04:00,24117.993,77.978,78.848,0.061,5.634,7.10,54.2,1,0,0,
2026-06-09T09:05:00,24102.132,77.714,78.321,0.072,5.593,6.88,50.1,1,0,0,
2026-06-09T09:06:00,24116.558,78.490,79.066,0.080,5.751,6.81,52.8,1,0,0,
2026-06-09T09:07:00,24109.040,77.827,78.652,0.052,5.826,7.18,53.4,1,0,0,
2026-06-09T09:08:00,24103.011,77.674,78.308,0.040,6.042,7.03,48.4,1,0,0,
2026-06-09T09:09:00,24105.405,77.560,78.344,0.064,5.365,6.91,47.6,1,0,0,
2026-06-09T09:10:00,24109.509,77.731,78.179,0.087,5.521,6.80,53.0,1,0,0,
2026-06-09T09:11:00,24108.016,77.328,78.087,0.138,5.499,7.06,47.8,1,0,0,
2026-06-09T09:12:00,24107.124,77.931,78.683,0.072,5.824,6.99,54.6,1,0,0,
2026-06-09T09:13:00,24106.206,77.275,77.731,0.090,5.764,7.02,47.2,1,0,0,
2026-06-09T09:14:00,24107.743,77.276,77.611,0.079,5.528,6.98,46.7,1,0,0,
2026-06-09T09:15:00,24107.075,77.591,78.109,0.104,5.692,6.94,46.6,1,0,0,
2026-06-09T09:16:00,24114.510,77.427,78.432,0.082,5.827,7.15,52.6,1,0,0,
2026-06-09T09:17:00,24114.905,77.663,78.447,0.095,5.723,6.86,52.8,1,0,0,
2026-06-09T09:18:00,24104.898,77.961,78.568,0.067,5.598,7.11,48.8,1,0,0,
2026-06-09T09:19:00,24114.267,77.072,78.094,0.059,5.634,7.05,50.5,1,0,0,
2026-06-09T09:20:00,24105.911,77.087,77.823,0.089,5.809,6.99,54.6,1,0,0,
2026-06-09T09:21:00,24106.120,77.548,78.186,0.082,5.687,7.10,50.3,1,0,0,
2026-06-09T09:22:00,24112.016,77.460,78.334,0.093,5.733,7.15,52.2,1,0,0,
2026-06-09T09:23:00,24111.798,77.865,78.642,0.068,6.025,6.94,54.6,1,0,0,
2026-06-09T09:24:00,24115.574,76.936,77.748,0.093,5.761,7.13,53.1,1,0,0,
2026-06-09T09:25:00,24107.139,77.366,77.953,0.116,5.918,6.95,45.7,1,0,0,
2026-06-09T09:26:00,24104.598,77.135,77.816,0.086,5.865,7.01,48.6,1,0,0,
2026-06-09T09:27:00,24108.968,77.968,78.877,0.123,5.710,6.95,47.6,1,0,0,
2026-06-09T09:28:00,24104.669,77.445,78.174,0.039,5.499,6.92,48.5,1,0,0,
2026-06-09T09:29:00,24109.800,77.081,77.653,0.072,5.666,6.89,48.4,1,0,0,
2026-06-09T09:30:00,24106.856,76.894,77.707,0.100,5.809,7.07,45.9,1,0,0,
2026-06-09T09:31:00,24112.596,77.279,77.864,0.027,5.718,7.12,47.4,1,0,0,
2026-06-09T09:32:00,24106.554,77.518,78.306,0.102,5.917,7.14,47.0,1,0,0,
2026-06-09T09:33:00,24103.461,77.122,77.878,0.040,5.628,7.15,45.7,1,0,0,
2026-06-09T09:34:00,24104.317,77.422,78.167,0.070,5.727,6.83,46.1,1,0,0,
2026-06-09T09:35:00,24106.177,77.600,78.290,0.078,5.955,7.00,51.0,1,0,0,
2026-06-09T09:36:00,24114.119,77.404,78.144,0.122,5.664,6.97,54.9,1,0,0,
2026-06-09T09:37:00,24110.352,77.042,78.071,0.065,5.668,6.99,52.9,1,0,0,
2026-06-09T09:38:00,24102.559,76.930,77.740,0.056,5.632,7.17,53.2,1,0,0,
2026-06-09T09:39:00,24108.125,77.012,77.951,0.106,5.671,7.07,48.5,1,0,0,
2026-06-09T09:40:00,24111.442,77.294,77.843,0.058,5.872,6.88,50.8,1,0,0,
2026-06-09T09:41:00,24107.529,76.815,77.508,0.039,5.767,7.20,53.9,1,0,0,
2026-06-09T09:42:00,24104.177,77.187,78.035,0.068,5.734,7.20,54.1,1,0,0,
2026-06-09T09:43:00,24105.350,77.056,77.925,0.079,5.747,7.08,53.4,1,0,0,
2026-06-09T09:44:00,24111.426,77.327,77.823,0.071,5.770,6.88,49.0,1,0,0,
2026-06-09T09:45:00,24117.879,76.937,77.395,0.062,5.565,6.89,53.0,1,0,0,
2026-06-09T09:46:00,24115.196,77.099,77.910,0.084,5.751,7.09,53.0,1,0,0,
2026-06-09T09:47:00,24114.151,76.813,77.650,0.101,5.742,7.14,53.3,1,0,0,
2026-06-09T09:48:00,24102.857,77.264,77.969,0.053,5.716,6.81,47.1,1,0,0,
2026-06-09T09:49:00,24111.325,76.955,77.557,0.053,5.776,7.17,51.1,1,0,0,
2026-06-09T09:50:00,24098.333,76.877,77.781,0.077,5.870,6.91,47.3,1,0,0,
2026-06-09T09:51:00,24107.311,76.725,77.460,0.108,6.045,7.10,48.7,1,0,0,
2026-06-09T09:52:00,24117.675,77.129,77.782,0.080,5.896,6.93,51.7,1,0,0,
2026-06-09T09:53:00,24112.071,76.681,77.130,0.077,5.967,6.85,51.4,1,0,0,
2026-06-09T09:54:00,24105.169,77.016,77.928,0.035,5.703,6.82,48.0,1,0,0,
2026-06-09T09:55:00,24112.478,76.666,77.470,0.094,5.849,6.97,50.0,1,0,0,
2026-06-09T09:56:00,24111.583,76.345,76.993,0.073,5.840,7.20,47.5,1,0,0,
2026-06-09T09:57:00,24114.391,76.089,76.819,0.109,5.635,7.10,47.9,1,0,0,
2026-06-09T09:58:00,24109.845,76.701,77.420,0.076,5.602,7.16,51.6,1,0,0,
2026-06-09T09:59:00,24114.157,76.893,77.857,0.069,5.571,7.00,45.9,1,0,0,
2026-06-09T10:00:00,24110.178,76.540,76.871,0.064,5.456,6.90,46.6,1,0,0,
2026-06-09T10:01:00,24113.599,76.612,77.307,0.082,6.002,7.17,45.8,1,0,0,
2026-06-09T10:02:00,24101.322,76.452,77.398,0.078,5.714,6.81,52.2,1,0,0,
2026-06-09T10:03:00,24108.477,76.713,77.191,0.108,5.682,6.89,50.9,1,0,0,
2026-06-09T10:04:00,24109.368,76.853,77.862,0.065,5.721,6.99,47.3,1,0,0,
2026-06-09T10:05:00,24113.407,76.947,77.522,0.069,5.910,7.08,49.5,1,0,0,
2026-06-09T10:06:00,24108.361,76.691,77.180,0.037,5.597,7.13,50.9,1,0,0,
2026-06-09T10:07:00,24103.136,76.210,76.845,0.059,6.104,6.93,46.7,1,0,0,
2026-06-09T10:08:00,24106.752,76.278,76.911,0.071,5.798,6.86,46.6,1,0,0,
2026-06-09T10:09:00,24110.163,76.447,77.072,0.059,5.775,6.97,53.1,1,0,0,
2026-06-09T10:10:00,24105.817,76.256,76.937,0.065,5.791,6.90,51.2,1,0,0,
2026-06-09T10:11:00,24122.801,76.359,77.085,0.075,5.635,6.83,53.4,1,0,0,
2026-06-09T10:12:00,24101.960,75.955,76.673,0.109,5.505,6.90,51.5,1,0,0,
2026-06-09T10:13:00,24101.018,76.315,77.067,0.072,5.795,6.95,53.3,1,0,0,
2026-06-09T10:14:00,24111.699,76.155,76.861,0.058,5.981,7.18,46.4,1,0,0,
2026-06-09T10:15:00,24106.564,76.271,77.043,0.065,5.544,6.99,47.7,1,0,0,
2026-06-09T10:16:00,24114.812,76.115,76.853,0.001,5.714,6.96,52.5,1,0,0,
2026-06-09T10:17:00,24101.908,76.347,76.991,0.085,5.902,7.06,45.4,1,0,0,
2026-06-09T10:18:00,24108.506,76.761,77.553,0.053,6.086,6.96,46.2,1,0,0,
2026-06-09T10:19:00,24116.565,76.251,76.886,0.077,5.762,6.96,48.0,1,0,0,
2026-06-09T10:20:00,24107.151,76.788,77.417,0.071,5.837,6.86,45.7,1,0,0,
2026-06-09T10:21:00,24110.833,76.205,76.732,0.066,5.943,6.85,53.1,1,0,0,
2026-06-09T10:22:00,24109.239,75.587,76.324,0.056,5.970,7.19,53.9,1,0,0,
2026-06-09T10:23:00,24115.951,76.596,77.445,0.073,5.638,7.08,54.9,1,0,0,
2026-06-09T10:24:00,24099.779,76.129,76.903,0.068,5.779,7.12,46.3,1,0,0,
2026-06-09T10:25:00,24109.168,75.802,76.341,0.043,5.792,6.99,53.4,1,0,0,
2026-06-09T10:26:00,24110.666,75.965,76.818,0.023,5.692,7.00,53.3,1,0,0,
2026-06-09T10:27:00,24109.850,75.980,76.643,0.067,6.112,6.83,50.1,1,0,0,
2026-06-09T10:28:00,24114.411,76.420,77.129,0.010,5.780,6.88,51.4,1,0,0,
2026-06-09T10:29:00,24105.910,75.838,76.732,0.051,5.830,7.01,54.5,1,0,0,
2026-06-09T10:30:00,24118.141,76.564,77.272,0.052,5.974,7.00,54.5,1,0,0,
2026-06-09T10:31:00,24109.604,75.312,76.101,0.093,5.686,7.12,52.3,1,0,0,
2026-06-09T10:32:00,24117.512,75.511,76.097,0.087,6.052,7.00,47.2,1,0,0,
2026-06-09T10:33:00,24107.755,75.572,76.239,0.021,5.774,6.86,52.2,1,0,0,
2026-06-09T10:34:00,24103.793,75.577,76.209,0.064,5.829,6.90,47.9,1,0,0,
2026-06-09T10:35:00,24103.262,75.826,76.577,0.090,5.973,6.92,46.6,1,0,0,
2026-06-09T10:36:00,24109.906,76.211,77.134,0.069,5.825,6.97,49.5,1,0,0,
2026-06-09T10:37:00,24101.104,75.774,76.867,0.062,5.995,6.87,53.2,1,0,0,
2026-06-09T10:38:00,24106.825,75.742,76.575,0.044,6.131,7.03,49.7,1,0,0,
2026-06-09T10:39:00,24108.178,75.823,76.648,0.085,6.156,6.98,49.2,1,0,0,
2026-06-09T10:40:00,24107.219,75.595,76.345,0.048,5.987,6.96,51.7,1,0,0,
2026-06-09T10:41:00,24102.973,75.744,76.583,0.081,5.899,7.08,45.9,1,0,0,
2026-06-09T10:42:00,24111.335,76.245,76.841,0.098,6.195,7.14,52.5,1,0,0,
2026-06-09T10:43:00,24106.477,75.870,76.382,0.076,5.942,7.17,49.3,1,0,0,
2026-06-09T10:44:00,24113.259,75.706,76.394,0.104,5.891,6.89,47.0,1,0,0,
2026-06-09T10:45:00,24109.810,75.636,76.338,0.025,6.124,7.01,45.8,1,0,0,
2026-06-09T10:46:00,24110.584,75.967,76.594,0.067,6.042,6.92,50.4,1,0,0,
2026-06-09T10:47:00,24111.906,75.799,76.525,0.066,6.195,7.01,53.1,1,0,0,
2026-06-09T10:48:00,24114.846,75.154,75.846,0.042,6.036,6.98,51.5,1,0,0,
2026-06-09T10:49:00,24108.242,75.618,76.147,0.067,5.753,6.83,45.9,1,0,0,
2026-06-09T10:50:00,24110.738,75.479,76.121,0.050,5.957,7.14,50.3,1,0,0,
2026-06-09T10:51:00,24109.676,75.285,75.912,0.014,6.108,7.05,54.3,1,0,0,
2026-06-09T10:52:00,24113.448,75.075,75.694,0.090,6.049,7.18,49.6,1,0,0,
2026-06-09T10:53:00,24111.805,75.542,76.062,0.084,6.090,6.89,49.2,1,0,0,
2026-06-09T10:54:00,24101.664,75.095,75.726,0.106,5.963,6.92,49.8,1,0,0,
2026-06-09T10:55:00,24109.621,75.576,76.439,0.060,6.235,7.08,53.1,1,0,0,
2026-06-09T10:56:00,24105.730,75.799,76.461,0.080,6.066,7.14,50.9,1,0,0,
2026-06-09T10:57:00,24101.356,75.340,76.283,0.037,6.028,6.97,54.0,1,0,0,
2026-06-09T10:58:00,24113.493,74.966,75.741,0.101,6.108,6.91,52.3,1,0,0,
2026-06-09T10:59:00,24102.601,74.877,75.543,0.136,6.179,7.10,49.2,1,0,0,
2026-06-09T11:00:00,24109.664,75.701,76.164,0.112,6.017,7.02,46.6,1,0,0,
2026-06-09T11:01:00,24102.648,75.024,75.791,0.101,6.071,6.91,53.0,1,0,0,
2026-06-09T11:02:00,24110.099,75.297,76.102,0.087,6.264,6.84,54.6,1,0,0,
2026-06-09T11:03:00,24108.760,75.336,76.294,0.041,6.122,7.14,54.4,1,0,0,
2026-06-09T11:04:00,24115.494,75.687,76.405,0.055,6.063,6.82,46.5,1,0,0,
2026-06-09T11:05:00,24112.263,75.133,75.831,0.090,6.431,6.89,47.6,1,0,0,
2026-06-09T11:06:00,24114.503,75.233,75.998,0.036,6.228,6.88,47.9,1,0,0,
2026-06-09T11:07:00,24109.191,75.348,75.952,0.043,6.055,7.07,50.9,1,0,0,
2026-06-09T11:08:00,24115.084,75.524,76.267,0.069,6.291,6.86,48.8,1,0,0,
2026-06-09T11:09:00,24105.678,75.312,75.966,0.042,6.323,6.91,52.9,1,0,0,
2026-06-09T11:10:00,24111.048,75.261,76.076,0.040,6.063,7.10,46.2,1,0,0,
2026-06-09T11:11:00,24099.363,75.360,76.136,0.094,6.466,6.92,45.3,1,0,0,
2026-06-09T11:12:00,24112.899,75.044,75.822,0.067,6.064,7.19,45.5,1,0,0,
2026-06-09T11:13:00,24105.090,75.212,75.788,0.046,6.398,6.97,46.2,1,0,0,
2026-06-09T11:14:00,24106.391,74.979,75.595,0.041,6.699,7.08,49.5,1,0,0,
2026-06-09T11:15:00,24106.014,74.955,75.468,0.108,6.130,6.84,49.9,1,0,0,
2026-06-09T11:16:00,24103.649,74.558,75.318,0.081,6.496,6.96,51.0,1,0,0,
2026-06-09T11:17:00,24104.306,74.565,75.252,0.094,6.100,7.16,53.3,1,0,0,
2026-06-09T11:18:00,24104.892,74.283,74.935,0.068,6.384,7.06,54.4,1,0,0,
2026-06-09T11:19:00,24100.790,75.528,75.980,0.111,5.970,6.95,46.6,1,0,0,
2026-06-09T11:20:00,24110.592,75.194,75.872,0.097,6.537,7.11,46.5,1,0,0,
2026-06-09T11:21:00,24107.125,75.541,76.273,0.049,6.560,7.13,49.0,1,0,0,
2026-06-09T11:22:00,24101.647,75.363,76.311,0.048,6.383,6.82,48.9,1,0,0,
2026-06-09T11:23:00,24096.740,74.249,74.930,0.058,6.143,6.85,46.8,1,0,0,
2026-06-09T11:24:00,24102.497,74.828,75.450,0.122,6.438,6.95,46.7,1,0,0,
2026-06-09T11:25:00,24104.221,75.513,76.066,0.071,6.250,6.83,47.0,1,0,0,
2026-06-09T11:26:00,24106.949,74.182,74.920,0.052,6.249,6.88,46.6,1,0,0,
2026-06-09T11:27:00,24108.837,74.964,75.767,0.060,6.366,7.11,52.3,1,0,0,
2026-06-09T11:28:00,24107.597,74.715,75.102,0.096,6.058,7.02,52.3,1,0,0,
2026-06-09T11:29:00,24100.380,74.895,75.430,0.083,6.612,6.93,48.0,1,0,0,
2026-06-09T11:30:00,24113.192,74.175,74.961,0.079,6.187,6.95,45.2,1,0,0,
2026-06-09T11:31:00,24105.563,74.258,74.816,0.109,6.141,6.85,50.5,1,0,0,
2026-06-09T11:32:00,24108.571,74.836,75.606,0.050,6.484,6.83,54.6,1,0,0,
2026-06-09T11:33:00,24109.267,74.518,75.348,0.083,6.392,6.83,46.4,1,0,0,
2026-06-09T11:34:00,24109.216,74.192,75.032,0.056,6.085,7.10,50.9,1,0,0,
2026-06-09T11:35:00,24103.283,74.856,75.523,0.043,6.186,7.01,54.6,1,0,0,
2026-06-09T11:36:00,24098.934,74.722,75.212,0.097,6.458,7.04,49.7,1,0,0,
2026-06-09T11:37:00,24096.518,74.072,74.830,0.059,6.575,6.99,52.4,1,0,0,
2026-06-09T11:38:00,24107.934,74.747,75.644,0.001,6.234,7.05,51.4,1,0,0,
2026-06-09T11:39:00,24105.552,74.321,74.989,0.021,6.239,7.06,48.9,1,0,0,
2026-06-09T11:40:00,24091.860,74.165,74.666,0.060,6.390,6.80,52.1,1,0,0,
2026-06-09T11:41:00,24105.451,74.110,74.887,0.095,6.382,7.02,48.2,1,0,0,
2026-06-09T11:42:00,24103.338,73.716,74.332,0.076,6.383,7.15,45.8,1,0,0,
2026-06-09T11:43:00,24097.994,74.731,75.452,0.056,6.525,7.01,54.9,1,0,0,
2026-06-09T11:44:00,24104.618,74.288,74.712,0.066,6.499,7.17,54.0,1,0,0,
2026-06-09T11:45:00,24105.886,74.277,74.780,0.075,6.704,6.87,47.2,1,0,0,
2026-06-09T11:46:00,24099.371,73.996,74.621,0.096,6.492,6.86,46.6,1,0,0,
2026-06-09T11:47:00,24094.328,74.136,74.906,0.115,6.362,7.00,50.4,1,0,0,
2026-06-09T11:48:00,24105.987,74.716,75.686,0.072,6.698,7.13,50.2,1,0,0,
2026-06-09T11:49:00,24097.553,74.670,75.267,0.045,6.280,7.12,52.5,1,0,0,
2026-06-09T11:50:00,24089.886,74.798,75.583,0.085,6.356,7.19,47.9,1,0,0,
2026-06-09T11:51:00,24104.159,74.303,75.184,0.060,6.219,7.18,45.1,1,0,0,
2026-06-09T11:52:00,24094.303,74.435,75.287,0.051,6.245,7.16,46.6,1,0,0,
2026-06-09T11:53:00,24100.515,74.119,74.799,0.073,6.145,7.15,54.4,1,0,0,
2026-06-09T11:54:00,24102.447,74.334,74.854,0.097,6.517,7.12,48.2,1,0,0,
2026-06-09T11:55:00,24098.444,74.080,75.074,0.085,6.417,7.01,52.7,1,0,0,
2026-06-09T11:56:00,24100.048,74.187,74.861,0.054,6.730,7.12,49.2,1,0,0,
2026-06-09T11:57:00,24104.350,73.632,74.344,0.079,6.500,7.14,54.4,1,0,0,
2026-06-09T11:58:00,24094.193,74.201,74.909,0.077,6.395,7.15,48.8,1,0,0,
2026-06-09T11:59:00,24095.654,74.198,74.675,0.027,6.518,6.90,50.1,1,0,0,
2026-06-09T12:00:00,24095.520,73.890,74.881,0.079,6.679,7.06,47.2,1,0,0,
2026-06-09T12:01:00,24106.541,73.900,74.855,0.023,6.705,6.87,46.8,1,0,0,
2026-06-09T12:02:00,24097.195,74.079,74.803,0.087,6.680,7.04,54.0,1,0,0,
2026-06-09T12:03:00,24099.764,74.419,75.145,0.083,6.640,6.88,52.6,1,0,0,
2026-06-09T12:04:00,24094.956,73.737,74.228,0.034,6.510,6.81,52.8,1,0,0,
2026-06-09T12:05:00,24097.307,74.405,74.783,0.097,6.441,6.98,50.7,1,0,0,
2026-06-09T12:06:00,24098.454,73.776,74.274,0.082,6.693,7.17,50.0,1,0,0,
2026-06-09T12:07:00,24094.576,74.357,74.945,0.066,6.715,7.07,54.8,1,0,0,
2026-06-09T12:08:00,24098.378,73.890,74.535,0.086,6.342,6.82,48.1,1,0,0,
2026-06-09T12:09:00,24102.108,73.959,74.700,0.069,6.793,6.95,51.5,1,0,0,
2026-06-09T12:10:00,24108.087,73.403,74.141,0.093,6.305,6.98,48.5,1,0,0,
2026-06-09T12:11:00,24107.791,73.687,74.287,0.049,6.857,7.17,52.1,1,0,0,
2026-06-09T12:12:00,24093.969,73.918,74.848,0.101,6.591,6.84,52.2,1,0,0,
2026-06-09T12:13:00,24100.703,73.425,73.905,0.070,6.564,6.90,51.2,1,0,0,
2026-06-09T12:14:00,24089.518,74.200,75.090,0.064,6.610,6.89,49.3,1,0,0,
2026-06-09T12:15:00,24092.365,73.971,74.679,0.073,6.603,6.84,48.8,1,0,0,
2026-06-09T12:16:00,24098.514,73.983,74.754,0.057,6.417,7.18,51.9,1,0,0,
2026-06-09T12:17:00,24103.150,73.298,73.843,0.041,6.442,6.98,46.6,1,0,0,
2026-06-09T12:18:00,24093.909,73.770,74.261,0.063,6.639,7.10,47.3,1,0,0,
2026-06-09T12:19:00,24101.471,73.436,74.290,0.068,6.715,7.00,49.8,1,0,0,
2026-06-09T12:20:00,24099.304,73.958,74.684,0.056,6.524,6.84,51.7,1,0,0,
2026-06-09T12:21:00,24104.291,73.647,74.291,0.029,6.635,7.19,45.9,1,0,0,
2026-06-09T12:22:00,24088.485,73.757,74.463,0.007,6.643,7.00,54.3,1,0,0,
2026-06-09T12:23:00,24111.488,73.584,74.287,0.037,6.520,7.13,47.8,1,0,0,
2026-06-09T12:24:00,24092.134,73.742,74.312,0.123,6.410,7.09,46.5,1,0,0,
2026-06-09T12:25:00,24096.498,73.371,74.041,0.053,6.860,7.01,45.4,1,0,0,
2026-06-09T12:26:00,24100.580,73.460,74.291,0.045,6.931,7.11,45.4,1,0,0,
2026-06-09T12:27:00,24101.522,73.738,74.541,0.057,6.683,7.03,51.6,1,0,0,
2026-06-09T12:28:00,24090.800,73.338,74.111,0.028,6.841,6.88,49.3,1,0,0,
2026-06-09T12:29:00,24091.919,73.621,74.270,0.132,6.601,6.95,47.0,1,0,0,
2026-06-09T12:30:00,24090.980,73.716,74.453,0.103,6.549,7.03,47.4,1,0,0,
2026-06-09T12:31:00,24102.410,73.979,74.914,0.071,6.782,7.08,53.2,1,0,0,
2026-06-09T12:32:00,24099.363,73.297,73.656,0.019,6.836,6.96,53.4,1,0,0,
2026-06-09T12:33:00,24093.222,73.438,73.895,0.045,6.560,7.14,46.1,1,0,0,
2026-06-09T12:34:00,24096.047,72.814,73.352,0.031,6.746,6.88,47.8,1,0,0,
2026-06-09T12:35:00,24099.805,74.149,74.902,0.116,6.558,6.85,49.3,1,0,0,
2026-06-09T12:36:00,24091.681,73.646,74.268,0.043,6.914,7.01,45.0,1,0,0,
2026-06-09T12:37:00,24090.126,73.657,74.559,0.057,6.562,6.92,53.0,1,0,0,
2026-06-09T12:38:00,24095.817,73.633,74.411,0.101,6.657,7.07,47.9,1,0,0,
2026-06-09T12:39:00,24092.157,73.350,74.126,0.073,6.760,6.98,47.0,1,0,0,
2026-06-09T12:40:00,24094.755,73.145,73.904,0.047,6.859,6.87,45.9,1,0,0,
2026-06-09T12:41:00,24085.018,73.047,73.580,0.022,6.721,6.83,52.3,1,0,0,
2026-06-09T12:42:00,24094.884,73.278,73.888,0.052,6.810,6.99,45.5,1,0,0,
2026-06-09T12:43:00,24092.822,72.847,73.485,0.108,6.827,6.94,53.7,1,0,0,
2026-06-09T12:44:00,24099.003,73.513,73.894,0.069,6.844,7.03,49.8,1,0,0,
2026-06-09T12:45:00,24088.909,72.728,73.624,0.049,6.791,6.93,48.2,1,0,0,
2026-06-09T12:46:00,24096.920,72.846,73.436,0.063,6.773,6.81,53.2,1,0,0,
2026-06-09T12:47:00,24093.859,73.430,74.485,0.064,6.876,6.93,50.1,1,0,0,
2026-06-09T12:48:00,24096.528,73.060,73.799,0.038,7.013,6.84,51.0,1,0,0,
2026-06-09T12:49:00,24087.130,72.918,73.629,0.097,6.831,7.15,51.0,1,0,0,
2026-06-09T12:50:00,24094.408,73.500,74.120,0.046,6.892,6.83,47.3,1,0,0,
2026-06-09T12:51:00,24099.426,73.381,74.164,0.059,6.845,7.03,50.7,1,0,0,
2026-06-09T12:52:00,24091.598,72.556,73.335,0.096,6.813,7.12,53.1,1,0,0,
2026-06-09T12:53:00,24092.165,72.926,73.471,0.063,6.614,6.84,45.0,1,0,0,
2026-06-09T12:54:00,24100.015,72.694,73.344,0.081,6.890,6.86,48.3,1,0,0,
2026-06-09T12:55:00,24106.691,73.128,73.908,0.062,6.923,6.88,46.2,1,0,0,
2026-06-09T12:56:00,24091.446,72.949,73.466,0.045,6.663,6.85,48.2,1,0,0,
2026-06-09T12:57:00,24096.112,73.313,74.208,0.057,6.848,7.05,48.4,1,0,0,
2026-06-09T12:58:00,24093.019,73.266,74.043,0.049,6.956,6.95,49.3,1,0,0,
2026-06-09T12:59:00,24091.679,72.523,73.229,0.081,6.799,7.07,53.6,1,0,0,
2026-06-09T13:00:00,24098.764,73.205,73.690,0.041,7.141,7.09,49.0,1,0,0,
2026-06-09T13:01:00,24093.463,73.562,74.185,0.053,7.052,6.96,48.8,1,0,0,
2026-06-09T13:02:00,24090.710,72.627,73.324,0.041,6.816,7.07,50.0,1,0,0,
2026-06-09T13:03:00,24086.751,72.940,73.551,0.101,6.784,6.90,46.6,1,0,0,
2026-06-09T13:04:00,24100.173,72.780,73.349,0.103,6.578,7.11,52.8,1,0,0,
2026-06-09T13:05:00,24091.820,73.022,73.591,0.059,6.886,6.89,52.6,1,0,0,
2026-06-09T13:06:00,24098.057,72.966,73.890,0.060,6.930,7.09,50.7,1,0,0,
2026-06-09T13:07:00,24095.191,72.577,73.278,0.102,6.955,7.10,50.2,1,0,0,
2026-06-09T13:08:00,24089.172,73.023,73.822,0.080,6.798,6.82,46.0,1,0,0,
2026-06-09T13:09:00,24092.069,72.669,73.423,0.093,7.308,7.01,49.2,1,0,0,
2026-06-09T13:10:00,24088.247,72.904,73.832,0.109,7.131,6.86,47.8,1,0,0,
2026-06-09T13:11:00,24094.961,72.770,73.485,0.086,6.989,7.07,51.2,1,0,0,
2026-06-09T13:12:00,24082.512,72.860,73.579,0.094,6.812,6.93,48.3,1,0,0,
2026-06-09T13:13:00,24093.528,72.835,73.340,0.058,7.073,7.14,51.7,1,0,0,
2026-06-09T13:14:00,24088.575,72.598,73.342,0.116,6.975,7.00,53.2,1,0,0,
2026-06-09T13:15:00,24097.389,72.396,73.055,0.093,7.189,6.96,50.0,1,0,0,
2026-06-09T13:16:00,24083.904,72.746,73.645,0.088,6.987,7.10,48.1,1,0,0,
2026-06-09T13:17:00,24091.238,72.569,73.262,0.108,7.204,7.18,54.0,1,0,0,
2026-06-09T13:18:00,24093.523,73.165,73.874,0.086,7.119,6.93,50.7,1,0,0,
2026-06-09T13:19:00,24089.878,72.914,73.705,0.070,6.938,7.19,48.4,1,0,0,
2026-06-09T13:20:00,24095.608,72.809,73.542,0.080,6.945,7.08,48.6,1,0,0,
2026-06-09T13:21:00,24082.156,72.685,73.401,0.077,7.102,6.96,46.4,1,0,0,
2026-06-09T13:22:00,24089.492,72.988,73.713,0.035,6.973,7.11,53.1,1,0,0,
2026-06-09T13:23:00,24105.166,72.717,73.028,0.065,6.975,7.13,46.8,1,0,0,
2026-06-09T13:24:00,24082.989,72.252,72.943,0.034,7.176,6.95,46.1,1,0,0,
2026-06-09T13:25:00,24092.707,72.885,73.854,0.038,7.077,7.20,49.0,1,0,0,
2026-06-09T13:26:00,24086.104,72.515,73.239,0.109,7.044,7.05,46.5,1,0,0,
2026-06-09T13:27:00,24089.594,72.167,72.902,0.084,7.203,7.14,51.8,1,0,0,
2026-06-09T13:28:00,24092.124,73.048,73.572,0.040,6.931,7.08,48.1,1,0,0,
2026-06-09T13:29:00,24093.558,72.457,73.322,0.070,6.704,6.97,54.0,1,0,0,
2026-06-09T13:30:00,24095.858,73.033,73.671,0.036,7.286,7.10,45.9,1,0,0,
2026-06-09T13:31:00,24093.847,72.705,73.641,0.107,7.204,7.02,51.8,1,0,0,
2026-06-09T13:32:00,24096.870,72.584,73.264,0.037,7.216,7.01,46.4,1,0,0,
2026-06-09T13:33:00,24088.997,72.816,73.423,0.056,6.900,7.06,46.5,1,0,0,
2026-06-09T13:34:00,24106.143,73.365,74.021,0.057,7.040,7.05,49.9,1,0,0,
2026-06-09T13:35:00,24092.965,72.440,72.950,0.001,7.184,6.82,54.2,1,0,0,
2026-06-09T13:36:00,24094.759,72.667,73.280,0.081,7.165,7.09,51.6,1,0,0,
2026-06-09T13:37:00,24088.978,72.323,72.896,0.063,7.014,6.98,52.7,1,0,0,
2026-06-09T13:38:00,24096.490,73.027,73.765,0.082,6.879,7.16,46.0,1,0,0,
2026-06-09T13:39:00,24085.074,72.828,73.650,0.069,7.099,6.88,45.7,1,0,0,
2026-06-09T13:40:00,24097.968,72.358,73.000,0.061,7.238,6.87,49.6,1,0,0,
2026-06-09T13:41:00,24092.431,72.280,72.873,0.037,7.286,7.13,47.3,1,0,0,
2026-06-09T13:42:00,24086.461,72.665,73.658,0.076,7.192,6.81,45.6,1,0,0,
2026-06-09T13:43:00,24091.663,72.018,72.822,0.065,6.989,6.90,53.7,1,0,0,
2026-06-09T13:44:00,24087.133,72.644,73.253,0.095,7.234,7.09,51.0,1,0,0,
2026-06-09T13:45:00,24085.134,72.462,73.029,0.062,7.039,7.15,46.8,1,0,0,
2026-06-09T13:46:00,24088.992,72.377,73.088,0.086,7.279,7.03,50.0,1,0,0,
2026-06-09T13:47:00,24085.091,72.408,73.165,0.058,7.098,6.98,48.4,1,0,0,
2026-06-09T13:48:00,24089.071,72.330,73.213,0.054,7.272,7.16,48.1,1,0,0,
2026-06-09T13:49:00,24075.499,72.229,72.955,0.081,7.298,7.09,49.4,1,0,0,
2026-06-09T13:50:00,24098.307,71.901,72.297,0.069,7.110,6.87,45.4,1,0,0,
2026-06-09T13:51:00,24092.087,72.137,72.587,0.097,7.050,6.84,45.3,1,0,0,
2026-06-09T13:52:00,24087.603,72.822,73.366,0.047,7.072,7.01,48.7,1,0,0,
2026-06-09T13:53:00,24089.686,72.734,73.629,0.098,7.338,6.85,47.1,1,0,0,
2026-06-09T13:54:00,24083.436,72.439,73.159,0.110,6.886,6.90,53.5,1,0,0,
2026-06-09T13:55:00,24090.111,72.394,72.927,0.056,7.408,6.93,45.7,1,0,0,
2026-06-09T13:56:00,24096.933,71.988,72.681,0.014,7.169,6.96,49.0,1,0,0,
2026-06-09T13:57:00,24083.767,72.511,73.162,0.130,7.177,6.90,46.8,1,0,0,
2026-06-09T13:58:00,24093.475,72.355,73.169,0.052,7.016,6.95,51.6,1,0,0,
2026-06-09T13:59:00,24086.683,72.383,72.914,0.047,7.158,7.06,50.1,1,0,0,
2026-06-09T14:00:00,24087.522,71.881,72.527,0.097,7.260,7.19,45.4,1,0,0,
2026-06-09T14:01:00,24091.138,72.891,73.343,0.057,7.392,7.19,48.3,1,0,0,
2026-06-09T14:02:00,24094.609,72.098,72.608,0.072,7.309,6.92,47.9,1,0,0,
2026-06-09T14:03:00,24089.100,71.829,72.399,0.042,7.342,7.13,45.3,1,0,0,
2026-06-09T14:04:00,24081.778,71.667,72.357,0.050,7.283,6.94,46.0,1,0,0,
2026-06-09T14:05:00,24089.739,72.329,73.038,0.086,7.446,6.81,50.9,1,0,0,
2026-06-09T14:06:00,24086.348,71.996,72.711,0.094,7.071,7.15,53.6,1,0,0,
2026-06-09T14:07:00,24096.853,71.785,72.716,0.120,7.325,7.07,46.9,1,0,0,
2026-06-09T14:08:00,24084.725,72.344,72.801,0.043,7.143,7.04,49.4,1,0,0,
2026-06-09T14:09:00,24088.873,72.768,73.407,0.051,7.235,7.11,51.7,1,0,0,
2026-06-09T14:10:00,24094.405,72.034,72.708,0.072,7.107,6.96,46.4,1,0,0,
2026-06-09T14:11:00,24088.992,72.773,73.193,0.071,7.028,7.09,53.9,1,0,0,
2026-06-09T14:12:00,24091.636,71.965,72.797,0.085,7.325,6.90,47.8,1,0,0,
2026-06-09T14:13:00,24088.694,72.267,72.842,0.066,7.362,7.12,47.1,1,0,0,
2026-06-09T14:14:00,24093.505,72.304,73.099,0.060,7.394,7.12,45.8,1,0,0,
2026-06-09T14:15:00,24099.888,71.949,72.411,0.070,7.413,7.03,54.6,1,0,0,
2026-06-09T14:16:00,24082.535,72.056,72.644,0.101,7.158,7.11,52.9,1,0,0,
2026-06-09T14:17:00,24092.038,71.515,72.606,0.030,7.363,6.92,53.4,1,0,0,
2026-06-09T14:18:00,24092.914,72.105,72.683,0.050,7.357,6.83,50.0,1,0,0,
2026-06-09T14:19:00,24088.227,71.972,72.560,0.035,7.446,7.08,53.8,1,0,0,
2026-06-09T14:20:00,24096.545,71.660,72.031,0.081,7.254,7.01,51.9,1,0,0,
2026-06-09T14:21:00,24088.024,72.319,73.007,0.039,7.436,6.85,49.7,1,0,0,
2026-06-09T14:22:00,24086.739,71.781,72.567,0.070,7.401,6.88,53.7,1,0,0,
2026-06-09T14:23:00,24098.761,72.146,72.918,0.097,7.210,7.17,45.6,1,0,0,
2026-06-09T14:24:00,24101.652,71.561,72.329,0.104,7.080,7.13,51.7,1,0,0,
2026-06-09T14:25:00,24092.893,71.723,72.480,0.102,7.291,6.90,49.0,1,0,0,
2026-06-09T14:26:00,24093.324,72.434,73.251,0.071,7.283,7.02,45.9,1,0,0,
2026-06-09T14:27:00,24091.210,72.193,72.699,0.049,7.230,6.90,48.7,1,0,0,
2026-06-09T14:28:00,24089.430,71.513,72.454,0.049,6.904,7.11,52.2,1,0,0,
2026-06-09T14:29:00,24083.967,71.763,72.591,0.057,7.208,6.98,51.0,1,0,0,
2026-06-09T14:30:00,24085.449,71.674,72.570,0.089,7.107,6.95,50.7,1,0,0,
2026-06-09T14:31:00,24092.444,72.123,73.087,0.059,7.225,7.13,52.7,1,0,0,
2026-06-09T14:32:00,24087.874,71.898,72.563,0.086,7.098,7.19,47.0,1,0,0,
2026-06-09T14:33:00,24087.980,71.949,72.894,0.087,7.330,7.15,52.3,1,0,0,
2026-06-09T14:34:00,24102.082,71.911,72.391,0.074,7.476,6.84,54.0,1,0,0,
2026-06-09T14:35:00,24089.546,71.392,72.015,0.104,6.984,6.91,45.8,1,0,0,
2026-06-09T14:36:00,24093.013,72.031,72.518,0.094,7.274,6.83,46.7,1,0,0,
2026-06-09T14:37:00,24091.059,72.265,73.271,0.055,7.311,7.02,47.3,1,0,0,
2026-06-09T14:38:00,24084.861,72.052,72.770,0.065,7.223,7.13,47.3,1,0,0,
2026-06-09T14:39:00,24086.808,72.179,72.863,0.031,7.247,7.17,48.6,1,0,0,
2026-06-09T14:40:00,24086.083,71.794,72.529,0.025,7.391,7.15,47.4,1,0,0,
2026-06-09T14:41:00,24092.596,71.735,72.502,0.081,7.365,6.96,52.3,1,0,0,
2026-06-09T14:42:00,24095.928,71.545,72.052,0.042,7.072,7.02,52.1,1,0,0,
2026-06-09T14:43:00,24087.603,71.708,72.444,0.100,7.221,7.03,53.8,1,0,0,
2026-06-09T14:44:00,24085.193,71.982,72.505,0.048,7.169,6.80,51.8,1,0,0,
2026-06-09T14:45:00,24084.611,71.735,72.516,0.066,7.337,7.01,52.0,1,0,0,
2026-06-09T14:46:00,24089.853,72.255,72.857,0.094,7.031,6.96,46.2,1,0,0,
2026-06-09T14:47:00,24095.596,72.078,72.750,0.110,7.363,6.85,46.6,1,0,0,
2026-06-09T14:48:00,24095.981,71.731,72.645,0.080,7.300,6.87,51.3,1,0,0,
2026-06-09T14:49:00,24088.896,72.136,72.935,0.056,7.309,6.90,50.3,1,0,0,
2026-06-09T14:50:00,24100.040,71.960,72.804,0.023,7.570,6.85,50.8,1,0,0,
2026-06-09T14:51:00,24094.260,71.596,72.535,0.070,7.321,7.15,46.4,1,0,0,
2026-06-09T14:52:00,24086.365,71.564,72.202,0.067,7.095,6.97,52.6,1,0,0,
2026-06-09T14:53:00,24090.956,72.238,72.532,0.107,7.317,7.16,50.3,1,0,0,
2026-06-09T14:54:00,24091.988,72.485,73.322,0.049,7.166,7.11,51.7,1,0,0,
2026-06-09T14:55:00,24087.679,71.589,72.082,0.083,7.364,6.92,52.3,1,0,0,
2026-06-09T14:56:00,24089.042,71.768,72.487,0.100,7.367,7.00,46.8,1,0,0,
2026-06-09T14:57:00,24103.510,71.836,72.693,0.074,7.156,6.84,49.3,1,0,0,
2026-06-09T14:58:00,24098.924,71.735,72.704,0.078,7.593,7.11,48.5,1,0,0,
2026-06-09T14:59:00,24093.150,71.581,72.294,0.067,7.428,6.82,54.1,1,0,0,
2026-06-09T15:00:00,24092.277,70.998,71.701,0.069,7.354,6.91,51.7,1,0,0,
2026-06-09T15:01:00,24095.392,71.454,71.996,0.027,7.295,7.16,50.0,1,0,0,
2026-06-09T15:02:00,24095.672,70.943,71.654,0.054,7.191,6.91,46.1,1,0,0,
2026-06-09T15:03:00,24094.219,71.679,72.274,0.077,6.982,6.97,47.5,1,0,0,
2026-06-09T15:04:00,24091.846,71.364,72.079,0.095,7.342,6.93,53.7,1,0,0,
2026-06-09T15:05:00,24090.588,71.748,72.191,0.110,7.273,7.10,54.5,1,0,0,
2026-06-09T15:06:00,24098.393,72.012,72.559,0.058,7.087,6.91,46.0,1,0,0,
2026-06-09T15:07:00,24095.346,71.612,72.094,0.086,7.225,7.12,47.1,1,0,0,
2026-06-09T15:08:00,24098.133,71.507,72.261,0.034,7.241,7.07,45.2,1,0,0,
2026-06-09T15:09:00,24098.300,71.572,72.359,0.086,7.043,6.97,50.5,1,0,0,
2026-06-09T15:10:00,24092.835,71.007,71.749,0.055,7.248,6.85,52.7,1,0,0,
2026-06-09T15:11:00,24092.998,71.432,71.995,0.045,6.991,7.12,48.2,1,0,0,
2026-06-09T15:12:00,24095.902,71.680,72.489,0.085,7.486,6.97,49.3,1,0,0,
2026-06-09T15:13:00,24096.592,71.050,71.957,0.115,7.420,6.82,52.0,1,0,0,
2026-06-09T15:14:00,24095.150,71.390,72.069,0.074,7.137,6.95,50.5,1,0,0,
2026-06-09T15:15:00,24100.256,71.455,71.923,0.089,7.239,6.82,52.7,1,0,0,
2026-06-09T15:16:00,24099.584,71.793,72.710,0.047,7.214,6.94,51.8,1,0,0,
2026-06-09T15:17:00,24089.566,71.375,72.379,0.031,7.144,7.15,49.1,1,0,0,
2026-06-09T15:18:00,24102.719,71.859,72.588,0.085,7.485,6.81,49.7,1,0,0,
2026-06-09T15:19:00,24100.214,71.504,71.999,0.079,7.242,6.90,49.2,1,0,0,
2026-06-09T15:20:00,24092.254,71.378,72.196,0.024,7.321,6.93,47.8,1,0,0,
2026-06-09T15:21:00,24095.124,71.558,72.003,0.066,7.305,7.20,48.5,1,0,0,
2026-06-09T15:22:00,24092.943,71.577,72.149,0.072,7.378,6.95,53.9,1,0,0,
2026-06-09T15:23:00,24091.821,71.119,72.042,0.076,7.300,7.01,48.8,1,0,0,
2026-06-09T15:24:00,24095.065,71.882,72.720,0.054,7.008,7.16,47.5,1,0,0,
2026-06-09T15:25:00,24100.887,70.823,71.540,0.096,7.348,6.92,50.7,1,0,0,
2026-06-09T15:26:00,24094.173,71.319,72.153,0.071,7.171,7.04,51.5,1,0,0,
2026-06-09T15:27:00,24093.024,71.573,72.422,0.028,7.257,7.17,45.7,1,0,0,
2026-06-09T15:28:00,24096.839,71.467,72.138,0.038,7.231,6.98,50.3,1,0,0,
2026-06-09T15:29:00,24100.065,71.916,72.811,0.069,7.234,7.05,51.8,1,0,0,
2026-06-09T15:30:00,24090.975,71.673,72.613,0.047,7.418,7.09,46.4,1,0,0,
2026-06-09T15:31:00,24088.782,71.043,71.922,0.060,7.235,6.94,51.8,1,0,0,
2026-06-09T15:32:00,24093.330,71.663,72.388,0.055,7.620,7.11,47.3,1,0,0,
2026-06-09T15:33:00,24104.484,71.968,72.628,0.045,7.156,7.07,49.5,1,0,0,
2026-06-09T15:34:00,24098.481,71.820,72.569,0.057,7.316,7.12,52.2,1,0,0,
2026-06-09T15:35:00,24089.086,71.743,72.426,0.048,7.203,6.98,49.5,1,0,0,
2026-06-09T15:36:00,24096.489,71.274,72.030,0.087,7.147,6.98,45.1,1,0,0,
2026-06-09T15:37:00,24092.188,71.305,72.148,0.068,7.403,6.92,52.1,1,0,0,
2026-06-09T15:38:00,24093.786,71.721,72.315,0.068,7.403,7.03,54.6,1,0,0,
2026-06-09T15:39:00,24108.881,71.373,71.892,0.052,7.085,6.88,51.5,1,0,0,
2026-06-09T15:40:00,24096.134,71.831,72.827,0.099,7.277,6.91,51.8,1,0,0,
2026-06-09T15:41:00,24098.551,71.634,72.576,0.093,7.306,6.85,49.7,1,0,0,
2026-06-09T15:42:00,24098.437,71.560,72.297,0.061,7.142,6.87,51.3,1,0,0,
2026-06-09T15:43:00,24101.548,71.252,72.048,0.070,7.226,6.99,53.4,1,0,0,
2026-06-09T15:44:00,24101.046,71.856,72.717,0.007,7.483,7.19,49.9,1,0,0,
2026-06-09T15:45:00,24100.802,71.399,72.119,0.057,7.265,6.96,50.8,1,0,0,
2026-06-09T15:46:00,24105.489,71.383,72.283,0.071,7.413,7.15,49.4,1,0,0,
2026-06-09T15:47:00,24096.527,71.311,72.103,0.039,7.474,7.03,53.1,1,0,0,
2026-06-09T15:48:00,24093.514,71.129,71.817,0.074,7.226,6.85,49.5,1,0,0,
2026-06-09T15:49:00,24093.168,71.379,72.154,0.078,6.980,6.85,50.6,1,0,0,
2026-06-09T15:50:00,24095.497,71.231,71.961,0.041,7.184,7.11,46.2,1,0,0,
2026-06-09T15:51:00,24101.852,71.564,72.479,0.076,7.373,7.17,49.2,1,0,0,
2026-06-09T15:52:00,24097.312,71.540,72.201,0.070,7.130,6.83,51.1,1,0,0,
2026-06-09T15:53:00,24100.046,71.532,72.384,0.095,7.158,6.95,46.3,1,0,0,
2026-06-09T15:54:00,24087.846,71.546,72.303,0.071,6.914,7.01,55.0,1,0,0,
2026-06-09T15:55:00,24105.748,71.479,72.169,0.080,7.260,6.94,50.1,1,0,0,
2026-06-09T15:56:00,24092.852,71.875,72.591,0.099,7.332,7.01,52.9,1,0,0,
2026-06-09T15:57:00,24096.431,71.824,72.953,0.101,7.335,6.90,53.4,1,0,0,
2026-06-09T15:58:00,24089.494,71.797,72.770,0.061,7.503,6.99,48.8,1,0,0,
2026-06-09T15:59:00,24092.291,71.339,71.908,0.041,7.160,7.05,51.1,1,0,0,
2026-06-09T16:00:00,24101.774,71.431,72.269,0.064,7.197,7.02,46.2,1,0,0,
2026-06-09T16:01:00,24105.812,72.274,73.302,0.063,6.993,7.19,51.6,1,0,0,
2026-06-09T16:02:00,24097.205,71.507,72.340,0.079,7.074,7.03,53.3,1,0,0,
2026-06-09T16:03:00,24100.471,71.829,72.348,0.159,7.275,7.04,50.6,1,0,0,
2026-06-09T16:04:00,24088.444,71.062,71.709,0.112,7.149,6.94,46.8,1,0,0,
2026-06-09T16:05:00,24104.966,71.853,72.555,0.104,7.294,6.95,52.3,1,0,0,
2026-06-09T16:06:00,24103.139,71.407,72.282,0.073,7.134,6.94,50.9,1,0,0,
2026-06-09T16:07:00,24107.480,71.617,72.133,0.052,7.241,7.01,51.8,1,0,0,
2026-06-09T16:08:00,24089.133,71.195,71.749,0.090,7.300,7.14,46.1,1,0,0,
2026-06-09T16:09:00,24104.247,71.259,72.085,0.065,7.265,7.13,45.8,1,0,0,
2026-06-09T16:10:00,24110.012,71.434,72.261,0.084,7.273,6.99,50.0,1,0,0,
2026-06-09T16:11:00,24104.239,71.240,71.870,0.088,7.298,7.15,51.7,1,0,0,
2026-06-09T16:12:00,24096.259,71.346,72.159,0.001,6.828,6.80,53.8,1,0,0,
2026-06-09T16:13:00,24096.795,71.825,72.659,0.063,7.158,6.98,52.5,1,0,0,
2026-06-09T16:14:00,24107.366,71.709,72.253,0.088,7.164,6.95,47.9,1,0,0,
2026-06-09T16:15:00,24106.179,71.655,72.568,0.087,7.089,6.90,52.2,1,0,0,
2026-06-09T16:16:00,24094.914,71.545,72.346,0.066,7.251,7.03,54.3,1,0,0,
2026-06-09T16:17:00,24092.644,71.452,72.019,0.071,7.357,7.18,46.8,1,0,0,
2026-06-09T16:18:00,24099.904,71.520,72.243,0.068,7.192,7.18,46.1,1,0,0,
2026-06-09T16:19:00,24092.295,71.609,72.081,0.085,6.863,7.05,53.3,1,0,0,
2026-06-09T16:20:00,24096.248,71.617,72.527,0.065,7.291,6.90,50.3,1,0,0,
2026-06-09T16:21:00,24112.519,71.259,72.005,0.086,6.748,7.11,45.6,1,0,0,
2026-06-09T16:22:00,24097.935,71.815,72.316,0.119,7.228,6.87,52.5,1,0,0,
2026-06-09T16:23:00,24104.033,71.612,72.443,0.072,7.198,6.85,54.3,1,0,0,
2026-06-09T16:24:00,24101.444,71.859,72.608,0.112,7.044,6.95,50.4,1,0,0,
2026-06-09T16:25:00,24102.594,71.184,71.911,0.101,7.107,7.07,50.3,1,0,0,
2026-06-09T16:26:00,24103.846,71.510,71.993,0.097,7.135,6.95,54.9,1,0,0,
2026-06-09T16:27:00,24109.553,71.833,72.509,0.092,7.027,7.12,51.4,1,0,0,
2026-06-09T16:28:00,24092.521,71.997,72.730,0.085,7.162,6.81,47.2,1,0,0,
2026-06-09T16:29:00,24107.052,71.375,72.223,0.053,6.913,7.09,46.3,1,0,0,
2026-06-09T16:30:00,24105.722,71.256,71.980,0.103,7.002,7.01,47.4,1,0,0,
2026-06-09T16:31:00,24101.704,71.163,71.715,0.100,6.963,6.86,53.5,1,0,0,
2026-06-09T16:32:00,24105.200,71.319,72.192,0.089,7.055,6.92,45.0,1,0,0,
2026-06-09T16:33:00,24103.571,71.161,71.856,0.072,6.985,6.89,54.1,1,0,0,
2026-06-09T16:34:00,24112.523,71.064,71.996,0.075,6.993,6.91,50.1,1,0,0,
2026-06-09T16:35:00,24099.864,71.772,72.560,0.088,6.992,6.85,52.7,1,0,0,
2026-06-09T16:36:00,24107.130,71.907,72.555,0.078,6.954,6.84,54.7,1,0,0,
2026-06-09T16:37:00,24111.371,71.552,72.097,0.067,7.377,6.93,47.8,1,0,0,
2026-06-09T16:38:00,24104.486,71.491,71.964,0.065,6.999,7.06,50.2,1,0,0,
2026-06-09T16:39:00,24093.665,71.340,71.967,0.114,7.213,6.85,54.8,1,0,0,
2026-06-09T16:40:00,24109.557,71.447,72.079,0.089,6.860,7.10,45.7,1,0,0,
2026-06-09T16:41:00,24103.794,71.528,72.155,0.055,6.877,7.07,53.0,1,0,0,
2026-06-09T16:42:00,24111.348,71.924,72.679,0.097,7.009,7.03,50.6,1,0,0,
2026-06-09T16:43:00,24106.093,71.916,72.551,0.115,7.195,6.80,51.4,1,0,0,
2026-06-09T16:44:00,24109.281,71.057,71.858,0.098,6.950,7.07,51.8,1,0,0,
2026-06-09T16:45:00,24107.667,71.425,71.880,0.116,7.124,7.20,47.0,1,0,0,
2026-06-09T16:46:00,24107.725,71.663,72.398,0.085,7.455,7.15,45.1,1,0,0,
2026-06-09T16:47:00,24103.844,71.617,72.380,0.089,6.722,7.04,47.3,1,0,0,
2026-06-09T16:48:00,24102.976,71.545,71.956,0.053,6.992,6.87,51.7,1,0,0,
2026-06-09T16:49:00,24105.521,72.078,73.066,0.062,6.992,7.04,54.0,1,0,0,
2026-06-09T16:50:00,24107.013,71.930,72.673,0.040,6.755,7.08,47.8,1,0,0,
2026-06-09T16:51:00,24109.351,71.906,72.481,0.099,7.111,6.81,47.6,1,0,0,
2026-06-09T16:52:00,24107.286,71.152,72.061,0.086,6.704,7.04,54.2,1,0,0,
2026-06-09T16:53:00,24107.080,71.419,71.800,0.041,7.235,7.11,46.9,1,0,0,
2026-06-09T16:54:00,24105.129,71.639,72.390,0.059,7.037,6.82,54.6,1,0,0,
2026-06-09T16:55:00,24111.123,71.721,72.371,0.042,7.047,6.94,46.5,1,0,0,
2026-06-09T16:56:00,24112.700,71.511,72.338,0.077,6.988,7.13,49.4,1,0,0,
2026-06-09T16:57:00,24104.757,71.583,72.243,0.080,6.680,6.80,54.8,1,0,0,
2026-06-09T16:58:00,24101.710,71.407,72.070,0.126,6.957,7.14,49.4,1,0,0,
2026-06-09T16:59:00,24109.415,71.830,72.181,0.054,7.077,7.10,46.0,1,0,0,
2026-06-09T17:00:00,24098.951,71.711,72.587,0.081,6.711,6.98,53.1,1,0,0,
2026-06-09T17:01:00,24099.288,71.346,72.089,0.087,6.969,6.97,46.6,1,0,0,
2026-06-09T17:02:00,24113.024,71.518,72.175,0.031,7.022,6.81,48.7,1,0,0,
2026-06-09T17:03:00,24106.542,71.604,72.234,0.077,7.076,6.85,49.5,1,0,0,
2026-06-09T17:04:00,24114.946,71.513,72.306,0.114,6.978,7.16,51.3,1,0,0,
2026-06-09T17:05:00,24108.654,71.233,71.605,0.082,7.088,6.88,48.9,1,0,0,
2026-06-09T17:06:00,24104.417,71.659,72.465,0.072,6.706,7.08,53.2,1,0,0,
2026-06-09T17:07:00,24104.162,71.577,72.389,0.015,6.708,6.87,52.8,1,0,0,
2026-06-09T17:08:00,24100.112,71.542,72.158,0.063,6.895,6.88,52.4,1,0,0,
2026-06-09T17:09:00,24111.480,71.145,71.969,0.066,6.736,7.16,53.2,1,0,0,
2026-06-09T17:10:00,24107.528,71.905,72.353,0.099,6.773,7.09,48.4,1,0,0,
2026-06-09T17:11:00,24104.878,71.431,71.969,0.069,6.709,7.18,52.0,1,0,0,
2026-06-09T17:12:00,24111.826,71.587,72.326,0.102,6.720,6.90,53.5,1,0,0,
2026-06-09T17:13:00,24106.297,72.289,72.719,0.058,6.764,7.05,54.0,1,0,0,
2026-06-09T17:14:00,24103.669,72.005,72.560,0.100,6.769,6.86,46.1,1,0,0,
2026-06-09T17:15:00,24102.714,71.858,72.528,0.062,6.859,7.12,46.5,1,0,0,
2026-06-09T17:16:00,24115.215,72.259,72.809,0.083,6.585,7.03,51.7,1,0,0,
2026-06-09T17:17:00,24112.600,72.346,73.352,0.047,6.556,7.05,45.7,1,0,0,
2026-06-09T17:18:00,24119.500,71.449,72.321,0.078,6.833,7.08,47.1,1,0,0,
2026-06-09T17:19:00,24112.520,71.444,71.896,0.088,6.733,6.87,47.2,1,0,0,
2026-06-09T17:20:00,24114.794,72.215,73.131,0.091,6.853,6.85,54.8,1,0,0,
2026-06-09T17:21:00,24102.720,71.833,72.672,0.068,6.587,7.02,48.9,1,0,0,
2026-06-09T17:22:00,24109.725,71.688,72.120,0.071,6.798,6.97,51.2,1,0,0,
2026-06-09T17:23:00,24107.736,72.061,72.885,0.042,6.882,6.90,53.7,1,0,0,
2026-06-09T17:24:00,24111.018,71.675,72.420,0.027,6.758,6.95,53.5,1,0,0,
2026-06-09T17:25:00,24108.620,71.848,72.516,0.061,6.904,6.87,54.1,1,0,0,
2026-06-09T17:26:00,24112.421,71.905,72.620,0.072,6.737,6.93,48.9,1,0,0,
2026-06-09T17:27:00,24115.873,71.697,72.000,0.046,6.642,7.09,51.2,1,0,0,
2026-06-09T17:28:00,24110.770,71.576,72.352,0.047,6.756,6.92,52.8,1,0,0,
2026-06-09T17:29:00,24099.837,71.725,72.469,0.062,6.765,6.93,48.9,1,0,0,
2026-06-09T17:30:00,24098.192,71.733,72.491,0.063,6.638,7.09,49.7,1,0,0,
2026-06-09T17:31:00,24114.619,72.340,73.138,0.075,6.570,7.10,54.3,1,0,0,
2026-06-09T17:32:00,24112.854,71.921,72.720,0.109,6.988,7.13,47.9,1,0,0,
2026-06-09T17:33:00,24114.851,71.306,72.156,0.088,6.598,7.05,53.9,1,0,0,
2026-06-09T17:34:00,24111.734,71.651,72.291,0.040,6.666,7.10,51.5,1,0,0,
2026-06-09T17:35:00,24103.830,72.069,72.730,0.052,6.600,6.87,46.2,1,0,0,
2026-06-09T17:36:00,24110.152,71.729,72.627,0.089,6.450,7.01,49.6,1,0,0,
2026-06-09T17:37:00,24106.683,71.334,72.055,0.054,6.616,7.13,54.7,1,0,0,
2026-06-09T17:38:00,24112.734,72.286,72.828,0.078,6.691,6.90,48.3,1,0,0,
2026-06-09T17:39:00,24102.650,72.129,72.614,0.052,6.565,6.99,52.1,1,0,0,
2026-06-09T17:40:00,24102.259,72.034,72.681,0.061,6.479,6.84,47.5,1,0,0,
2026-06-09T17:41:00,24116.437,71.995,72.750,0.048,6.526,7.14,52.0,1,0,0,
2026-06-09T17:42:00,24103.144,71.798,72.596,0.081,6.246,7.17,51.8,1,0,0,
2026-06-09T17:43:00,24110.011,71.048,71.718,0.123,6.522,6.87,47.6,1,0,0,
2026-06-09T17:44:00,24112.057,71.888,72.446,0.021,6.451,6.87,49.0,1,0,0,
2026-06-09T17:45:00,24110.304,71.950,72.568,0.064,6.289,6.83,55.0,1,0,0,
2026-06-09T17:46:00,24103.807,72.197,72.905,0.052,6.418,7.08,54.5,1,0,0,
2026-06-09T17:47:00,24116.256,71.631,72.299,0.027,6.673,6.92,50.1,1,0,0,
2026-06-09T17:48:00,24116.342,72.272,73.233,0.083,6.422,7.14,51.7,1,0,0,
2026-06-09T17:49:00,24116.074,72.359,72.923,0.031,6.734,6.97,50.2,1,0,0,
2026-06-09T17:50:00,24109.772,71.786,72.670,0.018,6.461,6.86,48.2,1,0,0,
2026-06-09T17:51:00,24119.557,72.360,72.869,0.082,6.415,7.02,53.2,1,0,0,
2026-06-09T17:52:00,24116.693,72.151,72.715,0.048,6.681,7.09,48.5,1,0,0,
2026-06-09T17:53:00,24117.520,72.223,72.778,0.011,6.976,6.84,53.4,1,0,0,
2026-06-09T17:54:00,24113.102,72.176,72.862,0.032,6.281,6.82,49.7,1,0,0,
2026-06-09T17:55:00,24100.760,72.272,72.962,0.069,6.502,7.14,55.0,1,0,0,
2026-06-09T17:56:00,24112.005,72.126,72.963,0.084,6.536,7.10,53.4,1,0,0,
2026-06-09T17:57:00,24112.130,71.998,72.957,0.094,6.604,7.14,51.6,1,0,0,
2026-06-09T17:58:00,24113.982,72.098,72.973,0.051,6.515,7.12,48.7,1,0,0,
2026-06-09T17:59:00,24109.487,72.268,73.266,0.116,6.731,6.95,45.1,1,0,0,
2026-06-09T18:00:00,24109.361,72.080,73.021,0.072,6.536,6.94,45.5,1,0,0,
2026-06-09T18:01:00,24110.914,71.788,72.602,0.053,6.557,6.89,53.1,1,0,0,
2026-06-09T18:02:00,24115.853,72.047,72.800,0.156,6.490,6.89,45.3,1,0,0,
2026-06-09T18:03:00,24119.708,72.076,72.993,0.073,6.678,6.99,49.9,1,0,0,
2026-06-09T18:04:00,24095.125,71.679,72.231,0.023,6.248,7.00,45.4,1,0,0,
2026-06-09T18:05:00,24117.517,71.997,72.442,0.077,6.439,7.18,50.4,1,0,0,
2026-06-09T18:06:00,24100.393,72.242,72.809,0.094,6.265,7.14,52.7,1,0,0,
2026-06-09T18:07:00,24105.143,71.868,72.493,0.090,6.423,6.83,54.0,1,0,0,
2026-06-09T18:08:00,24114.255,72.216,73.114,0.038,6.413,6.83,48.4,1,0,0,
2026-06-09T18:09:00,24118.288,72.188,73.060,0.039,6.639,7.19,45.2,1,0,0,
2026-06-09T18:10:00,24103.730,72.527,73.353,0.107,6.873,7.16,46.8,1,0,0,
2026-06-09T18:11:00,24108.464,72.591,73.218,0.076,6.660,7.13,52.1,1,0,0,
2026-06-09T18:12:00,24104.555,72.012,72.890,0.060,6.519,7.18,49.7,1,0,0,
2026-06-09T18:13:00,24106.898,71.991,72.507,0.097,6.066,6.88,54.8,1,0,0,
2026-06-09T18:14:00,24103.956,72.430,73.321,0.064,6.489,6.87,46.9,1,0,0,
2026-06-09T18:15:00,24116.846,72.233,72.941,0.080,6.529,7.16,46.1,1,0,0,
2026-06-09T18:16:00,24106.950,72.389,73.235,0.114,6.277,6.99,46.3,1,0,0,
2026-06-09T18:17:00,24115.285,72.172,72.862,0.087,6.551,6.93,48.4,1,0,0,
2026-06-09T18:18:00,24106.174,71.986,72.638,0.040,6.378,7.15,52.7,1,0,0,
2026-06-09T18:19:00,24116.250,72.174,72.974,0.053,6.335,6.97,54.5,1,0,0,
2026-06-09T18:20:00,24103.881,72.280,73.060,0.097,6.552,6.85,49.2,1,0,0,
2026-06-09T18:21:00,24106.516,72.929,73.485,0.023,6.453,7.00,52.4,1,0,0,
2026-06-09T18:22:00,24110.601,72.450,73.089,0.063,6.328,6.82,45.1,1,0,0,
2026-06-09T18:23:00,24114.610,72.087,72.828,0.080,6.385,6.89,46.5,1,0,0,
2026-06-09T18:24:00,24108.467,72.840,73.588,0.042,6.359,7.15,52.0,1,0,0,
2026-06-09T18:25:00,24108.841,72.378,73.174,0.079,5.990,7.10,52.2,1,0,0,
2026-06-09T18:26:00,24104.924,72.799,73.593,0.058,6.243,7.04,52.9,1,0,0,
2026-06-09T18:27:00,24105.490,72.710,73.380,0.024,6.291,6.90,46.1,1,0,0,
2026-06-09T18:28:00,24107.296,72.814,73.358,0.048,6.287,7.02,53.9,1,0,0,
2026-06-09T18:29:00,24118.053,73.030,73.448,0.062,6.329,6.93,53.2,1,0,0,
2026-06-09T18:30:00,24107.460,72.462,72.957,0.014,6.014,7.14,48.8,1,0,0,
2026-06-09T18:31:00,24101.169,72.506,73.442,0.063,6.167,7.15,47.0,1,0,0,
2026-06-09T18:32:00,24109.240,72.382,73.105,0.070,6.387,7.18,47.0,1,0,0,
2026-06-09T18:33:00,24115.412,72.830,73.575,0.077,6.325,6.86,45.2,1,0,0,
2026-06-09T18:34:00,24106.142,72.893,73.733,0.059,6.323,7.03,48.7,1,0,0,
2026-06-09T18:35:00,24107.914,72.426,72.764,0.062,6.125,6.91,48.6,1,0,0,
2026-06-09T18:36:00,24108.845,72.483,73.130,0.047,6.315,6.99,52.2,1,0,0,
2026-06-09T18:37:00,24111.448,73.018,73.823,0.076,6.147,7.13,52.7,1,0,0,
2026-06-09T18:38:00,24126.426,72.509,73.103,0.101,6.104,7.11,50.3,1,0,0,
2026-06-09T18:39:00,24103.432,72.840,73.332,0.069,6.273,6.95,50.1,1,0,0,
2026-06-09T18:40:00,24103.207,72.698,73.028,0.042,6.168,7.08,53.7,1,0,0,
2026-06-09T18:41:00,24112.755,72.738,73.388,0.065,6.398,6.91,52.5,1,0,0,
2026-06-09T18:42:00,24105.268,72.625,73.234,0.063,6.206,7.09,54.5,1,0,0,
2026-06-09T18:43:00,24109.935,72.824,73.494,0.086,6.132,7.12,54.3,1,0,0,
2026-06-09T18:44:00,24109.280,72.636,73.440,0.063,6.181,7.15,47.6,1,0,0,
2026-06-09T18:45:00,24104.584,72.353,72.994,0.086,6.100,6.87,51.3,1,0,0,
2026-06-09T18:46:00,24096.178,73.112,73.652,0.101,6.195,7.15,52.8,1,0,0,
2026-06-09T18:47:00,24106.551,72.357,73.027,0.097,6.110,6.88,45.8,1,0,0,
2026-06-09T18:48:00,24106.318,73.012,73.822,0.085,6.190,6.84,52.1,1,0,0,
2026-06-09T18:49:00,24106.981,72.918,73.606,0.055,6.127,6.92,54.4,1,0,0,
2026-06-09T18:50:00,24106.257,72.180,72.868,0.100,6.260,7.13,49.6,1,0,0,
2026-06-09T18:51:00,24111.186,73.262,74.201,0.092,6.320,6.87,51.1,1,0,0,
2026-06-09T18:52:00,24112.624,73.323,73.778,0.068,6.458,6.96,54.5,1,0,0,
2026-06-09T18:53:00,24105.215,72.843,73.628,0.104,6.215,7.00,52.4,1,0,0,
2026-06-09T18:54:00,24106.007,72.896,73.654,0.046,6.162,7.05,53.9,1,0,0,
2026-06-09T18:55:00,24109.187,72.661,73.468,0.074,6.164,7.19,46.5,1,0,0,
2026-06-09T18:56:00,24106.064,72.998,73.639,0.052,6.109,6.97,47.7,1,0,0,
2026-06-09T18:57:00,24106.145,72.880,73.359,0.056,6.352,6.97,46.9,1,0,0,
2026-06-09T18:58:00,24109.183,73.043,73.736,0.065,5.749,7.04,53.1,1,0,0,
2026-06-09T18:59:00,24108.114,72.673,73.343,0.085,5.969,7.15,49.9,1,0,0,
2026-06-09T19:00:00,24102.880,72.802,73.477,0.059,6.050,6.94,46.4,1,0,0,
2026-06-09T19:01:00,24106.400,72.969,73.866,0.103,6.166,7.13,49.5,1,0,0,
2026-06-09T19:02:00,24107.983,73.261,74.396,0.089,6.260,7.14,53.3,1,0,0,
2026-06-09T19:03:00,24107.758,72.729,73.586,0.078,6.113,7.00,48.7,1,0,0,
2026-06-09T19:04:00,24110.125,73.789,74.352,0.020,6.045,6.86,48.0,1,0,0,
2026-06-09T19:05:00,24105.837,73.008,73.875,0.098,5.968,6.96,51.2,1,0,0,
2026-06-09T19:06:00,24106.060,72.936,73.371,0.048,6.291,6.94,46.6,1,0,0,
2026-06-09T19:07:00,24105.515,73.391,74.347,0.083,6.147,7.14,45.0,1,0,0,
2026-06-09T19:08:00,24115.157,72.950,73.875,0.056,5.882,6.82,48.7,1,0,0,
2026-06-09T19:09:00,24102.325,73.270,74.059,0.025,5.976,6.94,45.0,1,0,0,
2026-06-09T19:10:00,24109.160,72.576,73.088,0.079,6.008,7.05,45.4,1,0,0,
2026-06-09T19:11:00,24111.206,72.878,73.374,0.043,5.916,7.13,52.3,1,0,0,
2026-06-09T19:12:00,24107.829,73.207,74.128,0.025,5.734,7.15,47.5,1,0,0,
2026-06-09T19:13:00,24112.453,73.240,73.802,0.079,5.981,7.11,46.4,1,0,0,
2026-06-09T19:14:00,24101.542,72.772,73.863,0.061,5.986,6.93,53.5,1,0,0,
2026-06-09T19:15:00,24098.201,73.458,74.173,0.038,6.399,6.82,52.1,1,0,0,
2026-06-09T19:16:00,24110.381,72.327,73.061,0.079,6.043,6.85,54.7,1,0,0,
2026-06-09T19:17:00,24108.354,72.985,73.642,0.083,6.053,6.82,46.9,1,0,0,
2026-06-09T19:18:00,24099.871,73.313,74.121,0.091,5.973,6.86,45.5,1,0,0,
2026-06-09T19:19:00,24102.468,73.186,73.621,0.105,6.250,6.89,54.0,1,0,0,
2026-06-09T19:20:00,24110.686,73.015,73.548,0.063,6.141,7.04,50.1,1,0,0,
2026-06-09T19:21:00,24105.020,72.908,73.480,0.066,6.019,7.05,51.5,1,0,0,
2026-06-09T19:22:00,24109.161,73.375,73.775,0.076,6.008,7.19,50.4,1,0,0,
2026-06-09T19:23:00,24103.365,73.252,73.822,0.102,5.780,7.16,50.6,1,0,0,
2026-06-09T19:24:00,24105.210,73.648,74.250,0.076,6.150,6.94,54.8,1,0,0,
2026-06-09T19:25:00,24104.955,74.210,74.912,0.106,5.995,7.13,54.2,1,0,0,
2026-06-09T19:26:00,24093.526,73.683,74.415,0.095,5.644,6.87,49.3,1,0,0,
2026-06-09T19:27:00,24108.552,73.318,73.964,0.053,5.888,7.05,49.7,1,0,0,
2026-06-09T19:28:00,24102.217,73.360,73.973,0.081,5.915,6.86,51.2,1,0,0,
2026-06-09T19:29:00,24101.309,73.229,74.074,0.093,6.050,7.11,55.0,1,0,0,
2026-06-09T19:30:00,24114.465,73.110,73.900,0.028,6.111,7.09,54.1,1,0,0,
2026-06-09T19:31:00,24106.861,73.572,74.455,0.066,5.991,7.13,50.0,1,0,0,
2026-06-09T19:32:00,24093.995,73.484,74.089,0.054,5.941,7.05,45.3,1,0,0,
2026-06-09T19:33:00,24106.725,73.906,74.467,0.092,5.942,6.88,54.5,1,0,0,
2026-06-09T19:34:00,24096.787,72.964,73.837,0.101,6.012,7.08,54.0,1,0,0,
2026-06-09T19:35:00,24098.050,73.273,74.086,0.019,5.941,6.82,49.3,1,0,0,
2026-06-09T19:36:00,24095.186,73.654,74.370,0.103,5.925,6.81,47.5,1,0,0,
2026-06-09T19:37:00,24104.409,73.519,74.299,0.065,6.082,7.10,53.3,1,0,0,
2026-06-09T19:38:00,24113.824,73.804,74.660,0.088,6.134,6.89,47.2,1,0,0,
2026-06-09T19:39:00,24103.133,73.584,74.152,0.079,5.990,7.00,52.1,1,0,0,
2026-06-09T19:40:00,24103.953,73.095,73.889,0.062,5.924,7.04,45.0,1,0,0,
2026-06-09T19:41:00,24104.399,73.822,74.670,0.098,6.016,6.91,50.4,1,0,0,
2026-06-09T19:42:00,24109.862,73.151,74.024,0.062,5.969,7.10,50.6,1,0,0,
2026-06-09T19:43:00,24105.693,73.725,74.264,0.092,6.006,6.91,53.9,1,0,0,
2026-06-09T19:44:00,24102.219,73.662,74.450,0.055,5.842,6.81,53.1,1,0,0,
2026-06-09T19:45:00,24112.040,73.168,73.732,0.048,5.567,6.86,46.9,1,0,0,
2026-06-09T19:46:00,24105.967,73.855,74.198,0.089,6.090,7.15,49.5,1,0,0,
2026-06-09T19:47:00,24099.001,73.703,74.365,0.069,5.802,6.87,50.1,1,0,0,
2026-06-09T19:48:00,24096.745,73.637,74.136,0.085,5.940,6.97,52.2,1,0,0,
2026-06-09T19:49:00,24103.378,73.743,74.478,0.077,5.846,7.19,53.4,1,0,0,
2026-06-09T19:50:00,24105.229,73.982,74.352,0.072,5.986,7.11,54.4,1,0,0,
2026-06-09T19:51:00,24102.843,73.603,74.600,0.043,5.789,7.07,52.7,1,0,0,
2026-06-09T19:52:00,24096.370,73.544,74.402,0.085,5.724,7.18,45.7,1,0,0,
2026-06-09T19:53:00,24104.418,73.895,74.561,0.008,5.989,6.93,54.8,1,0,0,
2026-06-09T19:54:00,24102.226,73.977,74.607,0.071,5.595,6.82,47.0,1,0,0,
2026-06-09T19:55:00,24095.248,73.715,74.481,0.081,5.855,7.10,49.1,1,0,0,
2026-06-09T19:56:00,24097.581,73.768,74.577,0.084,5.606,6.98,49.7,1,0,0,
2026-06-09T19:57:00,24101.172,73.710,74.334,0.078,5.954,7.04,53.1,1,0,0,
2026-06-09T19:58:00,24098.769,74.167,74.762,0.083,5.737,6.99,46.7,1,0,0,
2026-06-09T19:59:00,24102.746,74.169,74.892,0.073,6.054,7.07,50.8,1,0,0,
2026-06-09T20:00:00,24102.973,73.526,74.485,0.098,5.896,7.16,47.7,1,0,0,
2026-06-09T20:01:00,24101.525,74.032,74.527,0.065,5.867,6.95,45.2,1,0,0,
2026-06-09T20:02:00,24092.659,74.173,74.594,0.066,5.719,7.15,53.1,1,0,0,
2026-06-09T20:03:00,24104.778,74.057,74.733,0.049,5.825,7.15,46.1,1,0,0,
2026-06-09T20:04:00,24105.332,73.838,74.713,0.093,5.675,7.07,45.4,1,0,0,
2026-06-09T20:05:00,24095.594,74.181,75.039,0.048,5.851,7.14,53.4,1,0,0,
2026-06-09T20:06:00,24112.926,73.924,74.546,0.086,5.926,7.06,50.1,1,0,0,
2026-06-09T20:07:00,24105.684,74.271,74.905,0.072,5.774,6.92,48.6,1,0,0,
2026-06-09T20:08:00,24094.094,74.406,75.054,0.074,5.794,6.93,48.3,1,0,0,
2026-06-09T20:09:00,24097.457,74.344,74.780,0.050,5.853,6.89,46.4,1,0,0,
2026-06-09T20:10:00,24104.957,74.145,74.924,0.047,5.804,6.86,45.6,1,0,0,
2026-06-09T20:11:00,24102.590,74.082,74.699,0.029,5.918,6.88,51.8,1,0,0,
2026-06-09T20:12:00,24095.167,73.443,74.107,0.093,5.786,6.94,54.4,1,0,0,
2026-06-09T20:13:00,24100.855,73.937,74.780,0.060,5.590,6.89,47.8,1,0,0,
2026-06-09T20:14:00,24094.632,73.949,74.498,0.097,5.571,6.90,46.9,1,0,0,
2026-06-09T20:15:00,24097.059,73.912,74.468,0.073,5.633,7.16,52.4,1,0,0,
2026-06-09T20:16:00,24090.729,74.672,75.557,0.090,5.780,7.02,53.8,1,0,0,
2026-06-09T20:17:00,24101.199,74.404,74.999,0.082,5.840,7.17,52.4,1,0,0,
2026-06-09T20:18:00,24101.712,74.452,74.952,0.107,5.539,7.02,48.0,1,0,0,
2026-06-09T20:19:00,24102.547,74.446,75.305,0.080,5.738,7.18,49.8,1,0,0,
2026-06-09T20:20:00,24092.706,74.188,75.058,0.049,6.032,7.11,51.5,1,0,0,
2026-06-09T20:21:00,24090.927,74.293,75.029,0.080,5.892,6.98,49.2,1,0,0,
2026-06-09T20:22:00,24089.623,74.643,75.319,0.092,5.839,7.18,46.5,1,0,0,
2026-06-09T20:23:00,24094.162,74.018,74.812,0.015,5.957,7.13,47.5,1,0,0,
2026-06-09T20:24:00,24094.725,74.449,75.465,0.079,6.055,7.02,46.6,1,0,0,
2026-06-09T20:25:00,24099.781,74.278,74.863,0.094,6.054,6.82,52.9,1,0,0,
2026-06-09T20:26:00,24099.530,74.171,74.625,0.079,5.855,7.15,54.4,1,0,0,
2026-06-09T20:27:00,24093.750,74.821,75.516,0.040,5.771,6.89,45.5,1,0,0,
2026-06-09T20:28:00,24093.686,74.625,75.382,0.069,5.713,6.82,47.2,1,0,0,
2026-06-09T20:29:00,24094.819,73.776,74.449,0.028,5.986,7.18,49.2,1,0,0,
2026-06-09T20:30:00,24091.617,74.545,75.069,0.070,5.841,6.91,52.0,1,0,0,
2026-06-09T20:31:00,24101.131,74.591,75.259,0.086,5.669,6.91,49.8,1,0,0,
2026-06-09T20:32:00,24096.548,74.394,74.912,0.084,5.672,7.03,52.9,1,0,0,
2026-06-09T20:33:00,24090.843,74.521,75.467,0.075,5.500,6.85,50.5,1,0,0,
2026-06-09T20:34:00,24098.551,74.503,75.396,0.077,5.687,7.08,50.9,1,0,0,
2026-06-09T20:35:00,24094.103,74.531,75.108,0.076,5.530,7.15,51.5,1,0,0,
2026-06-09T20:36:00,24095.179,74.347,74.801,0.035,5.598,6.98,49.4,1,0,0,
2026-06-09T20:37:00,24102.130,73.671,74.356,0.082,5.643,6.82,50.8,1,0,0,
2026-06-09T20:38:00,24090.804,74.609,75.429,0.108,5.547,7.17,47.3,1,0,0,
2026-06-09T20:39:00,24094.338,74.273,74.875,0.066,5.936,6.97,51.5,1,0,0,
2026-06-09T20:40:00,24096.314,74.658,75.231,0.064,5.733,6.97,53.2,1,0,0,
2026-06-09T20:41:00,24096.524,74.087,74.883,0.057,5.524,6.85,49.3,1,0,0,
2026-06-09T20:42:00,24093.781,74.706,75.368,0.108,5.630,6.90,47.3,1,0,0,
2026-06-09T20:43:00,24097.815,74.750,75.406,0.112,5.647,7.15,49.6,1,0,0,
2026-06-09T20:44:00,24093.083,74.610,75.355,0.018,5.295,7.04,54.8,1,0,0,
2026-06-09T20:45:00,24100.082,74.820,76.046,0.111,5.563,7.18,47.7,1,0,0,
2026-06-09T20:46:00,24097.584,74.821,75.410,0.092,5.902,6.95,52.3,1,0,0,
2026-06-09T20:47:00,24097.500,74.789,75.668,0.012,5.758,7.16,53.1,1,0,0,
2026-06-09T20:48:00,24092.733,74.456,75.352,0.076,5.377,6.85,54.3,1,0,0,
2026-06-09T20:49:00,24088.861,74.403,75.290,0.029,5.700,6.95,48.7,1,0,0,
2026-06-09T20:50:00,24099.616,74.871,75.557,0.053,5.757,7.13,53.4,1,0,0,
2026-06-09T20:51:00,24092.588,74.929,75.520,0.145,5.402,6.81,53.4,1,0,0,
2026-06-09T20:52:00,24094.064,75.143,75.958,0.066,5.904,6.94,47.1,1,0,0,
2026-06-09T20:53:00,24092.392,75.023,75.748,0.065,5.940,7.12,48.8,1,0,0,
2026-06-09T20:54:00,24092.192,74.702,75.220,0.052,5.491,7.17,46.5,1,0,0,
2026-06-09T20:55:00,24099.496,74.997,75.711,0.079,5.634,6.82,47.6,1,0,0,
2026-06-09T20:56:00,24095.283,74.770,75.460,0.039,5.749,6.96,50.7,1,0,0,
2026-06-09T20:57:00,24089.118,74.458,75.084,0.078,5.726,6.91,47.9,1,0,0,
2026-06-09T20:58:00,24096.273,75.683,76.342,0.070,5.850,6.94,45.8,1,0,0,
2026-06-09T20:59:00,24094.889,75.424,75.697,0.080,5.669,6.84,53.9,1,0,0,
2026-06-09T21:00:00,24092.138,75.477,75.835,0.102,5.789,7.12,50.0,1,0,0,
2026-06-09T21:01:00,24101.174,75.018,75.474,0.065,5.596,7.03,49.3,1,0,0,
2026-06-09T21:02:00,24089.800,75.430,76.202,0.079,5.757,6.82,45.9,1,0,0,
2026-06-09T21:03:00,24106.122,74.970,75.740,0.095,5.713,6.90,50.4,1,0,0,
2026-06-09T21:04:00,24098.203,74.902,75.712,0.058,5.659,7.06,46.9,1,0,0,
2026-06-09T21:05:00,24093.193,75.002,75.594,0.055,5.477,7.19,46.9,1,0,0,
2026-06-09T21:06:00,24084.808,74.904,75.791,0.035,5.587,6.94,45.9,1,0,0,
2026-06-09T21:07:00,24087.947,76.026,76.787,0.022,5.627,6.92,46.1,1,0,0,
2026-06-09T21:08:00,24086.636,75.397,76.075,0.086,5.605,7.19,46.2,1,0,0,
2026-06-09T21:09:00,24092.094,75.045,75.804,0.071,5.991,7.02,53.8,1,0,0,
2026-06-09T21:10:00,24089.013,75.590,76.198,0.089,6.025,6.87,54.2,1,0,0,
2026-06-09T21:11:00,24101.174,75.530,76.423,0.022,5.870,6.92,45.3,1,0,0,
2026-06-09T21:12:00,24094.105,75.969,76.484,0.115,5.609,6.99,53.1,1,0,0,
2026-06-09T21:13:00,24091.155,74.604,75.345,0.046,5.771,6.97,51.9,1,0,0,
2026-06-09T21:14:00,24083.323,74.896,75.383,0.028,6.004,7.01,48.8,1,0,0,
2026-06-09T21:15:00,24087.671,75.321,76.183,0.062,5.584,6.91,54.9,1,0,0,
2026-06-09T21:16:00,24101.390,74.911,75.653,0.064,5.937,6.95,48.6,1,0,0,
2026-06-09T21:17:00,24093.388,75.365,76.048,0.055,5.679,6.86,50.0,1,0,0,
2026-06-09T21:18:00,24093.081,75.738,76.534,0.062,5.721,6.88,51.8,1,0,0,
2026-06-09T21:19:00,24092.426,75.196,75.734,0.075,5.637,7.17,54.8,1,0,0,
2026-06-09T21:20:00,24090.701,75.411,76.247,0.043,5.681,7.14,54.3,1,0,0,
2026-06-09T21:21:00,24085.711,75.637,76.229,0.115,5.767,7.02,51.5,1,0,0,
2026-06-09T21:22:00,24089.704,75.292,75.869,0.045,5.738,6.88,53.3,1,0,0,
2026-06-09T21:23:00,24090.157,75.798,76.494,0.115,5.437,7.15,52.2,1,0,0,
2026-06-09T21:24:00,24088.714,75.741,76.559,0.089,5.729,6.99,46.9,1,0,0,
2026-06-09T21:25:00,24081.926,75.473,76.146,0.061,5.832,7.02,53.7,1,0,0,
2026-06-09T21:26:00,24097.217,75.974,76.711,0.068,5.524,6.82,46.7,1,0,0,
2026-06-09T21:27:00,24101.179,75.559,76.133,0.085,5.912,7.13,54.8,1,0,0,
2026-06-09T21:28:00,24087.160,75.685,76.430,0.087,5.667,7.16,47.2,1,0,0,
2026-06-09T21:29:00,24092.550,75.556,76.339,0.051,5.972,7.01,49.0,1,0,0,
2026-06-09T21:30:00,24093.651,75.570,76.306,0.103,5.666,6.91,49.3,1,0,0,
2026-06-09T21:31:00,24099.941,75.776,76.418,0.052,5.644,6.87,53.7,1,0,0,
2026-06-09T21:32:00,24091.601,76.012,76.848,0.081,5.718,6.96,47.6,1,0,0,
2026-06-09T21:33:00,24097.060,76.428,76.829,0.081,5.968,7.05,53.3,1,0,0,
2026-06-09T21:34:00,24097.114,75.623,76.475,0.037,5.699,7.03,54.1,1,0,0,
2026-06-09T21:35:00,24089.020,75.715,76.405,0.077,5.832,6.85,46.6,1,0,0,
2026-06-09T21:36:00,24090.858,75.996,76.853,0.091,5.676,6.85,50.3,1,0,0,
2026-06-09T21:37:00,24095.035,75.991,76.542,0.050,5.872,7.20,52.9,1,0,0,
2026-06-09T21:38:00,24090.800,75.671,76.149,0.050,5.742,6.98,48.9,1,0,0,
2026-06-09T21:39:00,24092.370,75.470,76.133,0.117,5.609,7.09,49.1,1,0,0,
2026-06-09T21:40:00,24090.545,75.691,76.428,0.037,5.657,6.99,51.4,1,0,0,
2026-06-09T21:41:00,24090.407,76.088,76.834,0.090,5.800,7.07,45.6,1,0,0,
2026-06-09T21:42:00,24087.859,75.513,76.065,0.050,5.594,6.92,45.4,1,0,0,
2026-06-09T21:43:00,24096.093,76.363,77.016,0.061,5.603,7.13,54.8,1,0,0,
2026-06-09T21:44:00,24093.949,75.738,76.630,0.042,5.698,6.94,51.8,1,0,0,
2026-06-09T21:45:00,24095.009,75.947,76.638,0.046,5.751,7.00,48.8,1,0,0,
2026-06-09T21:46:00,24090.172,76.630,77.274,0.060,5.957,7.04,53.2,1,0,0,
2026-06-09T21:47:00,24086.851,76.549,77.108,0.099,5.892,7.04,48.2,1,0,0,
2026-06-09T21:48:00,24090.136,76.635,77.288,0.069,5.618,7.02,54.8,1,0,0,
2026-06-09T21:49:00,24098.374,76.100,76.435,0.078,5.858,6.88,54.1,1,0,0,
2026-06-09T21:50:00,24081.528,76.191,76.894,0.115,5.690,6.98,47.7,1,0,0,
2026-06-09T21:51:00,24084.882,75.873,76.627,0.067,5.735,7.06,54.2,1,0,0,
2026-06-09T21:52:00,24090.841,76.533,77.487,0.039,5.820,7.19,47.8,1,0,0,
2026-06-09T21:53:00,24097.857,76.512,77.289,0.089,6.008,7.07,50.0,1,0,0,
2026-06-09T21:54:00,24084.318,76.436,77.137,0.007,5.754,6.80,47.1,1,0,0,
2026-06-09T21:55:00,24091.234,76.539,77.215,0.053,5.930,6.92,50.3,1,0,0,
2026-06-09T21:56:00,24084.536,75.938,76.786,0.092,5.659,6.89,49.1,1,0,0,
2026-06-09T21:57:00,24083.746,76.150,76.988,0.033,5.890,7.15,51.3,1,0,0,
2026-06-09T21:58:00,24085.955,76.490,77.313,0.052,5.753,7.17,48.1,1,0,0,
2026-06-09T21:59:00,24091.819,76.622,77.299,0.059,5.588,7.04,50.1,1,0,0,
2026-06-09T22:00:00,24090.290,76.067,76.675,0.083,6.084,7.15,54.2,1,0,0,
2026-06-09T22:01:00,24080.830,76.558,77.393,0.066,5.637,7.12,50.0,1,0,0,
2026-06-09T22:02:00,24084.382,76.280,77.043,0.041,6.062,6.88,51.8,1,0,0,
2026-06-09T22:03:00,24078.597,76.055,76.713,0.014,5.583,7.10,45.3,1,0,0,
2026-06-09T22:04:00,24091.822,76.080,76.718,0.088,5.895,6.95,53.1,1,0,0,
2026-06-09T22:05:00,24092.890,76.647,77.437,0.001,5.969,6.87,48.2,1,0,0,
2026-06-09T22:06:00,24089.597,76.559,77.008,0.035,6.185,7.14,53.1,1,0,0,
2026-06-09T22:07:00,24093.658,76.346,76.961,0.102,5.901,7.13,46.0,1,0,0,
2026-06-09T22:08:00,24094.730,76.293,77.042,0.108,5.896,6.92,45.8,1,0,0,
2026-06-09T22:09:00,24088.879,76.261,77.015,0.073,6.182,7.09,50.0,1,0,0,
2026-06-09T22:10:00,24080.223,76.746,77.366,0.098,5.913,7.13,50.8,1,0,0,
2026-06-09T22:11:00,24090.689,76.743,77.279,0.045,5.857,7.19,52.6,1,0,0,
2026-06-09T22:12:00,24095.323,76.524,76.844,0.102,5.880,6.96,53.2,1,0,0,
2026-06-09T22:13:00,24086.299,76.517,77.164,0.083,5.889,7.16,50.2,1,0,0,
2026-06-09T22:14:00,24086.522,76.782,77.670,0.086,5.933,7.08,52.2,1,0,0,
2026-06-09T22:15:00,24095.479,76.350,77.163,0.149,5.901,7.13,53.1,1,0,0,
2026-06-09T22:16:00,24093.646,76.870,77.469,0.096,5.877,7.09,46.2,1,0,0,
2026-06-09T22:17:00,24085.003,76.382,76.959,0.056,5.666,7.04,54.9,1,0,0,
2026-06-09T22:18:00,24090.514,76.801,77.679,0.077,5.919,7.09,47.3,1,0,0,
2026-06-09T22:19:00,24086.546,76.874,77.505,0.066,5.623,6.94,51.5,1,0,0,
2026-06-09T22:20:00,24094.012,76.310,77.088,0.073,5.842,7.08,53.7,1,0,0,
2026-06-09T22:21:00,24089.464,76.955,77.725,0.105,5.967,6.95,45.3,1,0,0,
2026-06-09T22:22:00,24088.349,76.483,77.072,0.068,5.895,6.83,51.1,1,0,0,
2026-06-09T22:23:00,24089.878,76.862,77.527,0.081,5.829,7.18,50.2,1,0,0,
2026-06-09T22:24:00,24093.736,76.866,77.643,0.085,5.823,7.16,50.4,1,0,0,
2026-06-09T22:25:00,24088.356,76.937,77.788,0.094,5.992,6.96,49.7,1,0,0,
2026-06-09T22:26:00,24098.285,76.447,77.117,0.057,5.929,7.09,52.9,1,0,0,
2026-06-09T22:27:00,24088.210,77.441,78.153,0.090,5.823,7.05,47.0,1,0,0,
2026-06-09T22:28:00,24090.704,77.009,77.687,0.054,6.079,6.90,50.6,1,0,0,
2026-06-09T22:29:00,24093.164,76.888,77.525,0.068,6.104,6.87,48.4,1,0,0,
2026-06-09T22:30:00,24089.905,77.144,77.817,0.075,5.804,6.95,53.6,1,0,0,
2026-06-09T22:31:00,24093.630,77.368,78.090,0.072,5.979,6.92,45.0,1,0,0,
2026-06-09T22:32:00,24086.664,77.201,78.051,0.062,5.978,7.06,46.7,1,0,0,
2026-06-09T22:33:00,24092.680,77.462,77.929,0.067,5.734,6.88,49.2,1,0,0,
2026-06-09T22:34:00,24083.227,76.843,77.354,0.074,5.920,6.95,45.5,1,0,0,
2026-06-09T22:35:00,24093.011,76.842,77.810,0.060,5.847,7.13,49.5,1,0,0,
2026-06-09T22:36:00,24085.470,77.186,77.729,0.108,5.891,6.87,52.4,1,0,0,
2026-06-09T22:37:00,24094.845,77.924,78.679,0.031,6.075,7.02,54.7,1,0,0,
2026-06-09T22:38:00,24090.686,77.291,78.051,0.117,6.006,6.90,49.7,1,0,0,
2026-06-09T22:39:00,24090.091,77.277,78.115,0.073,5.853,6.84,52.4,1,0,0,
2026-06-09T22:40:00,24087.155,77.222,77.737,0.039,6.060,6.99,51.8,1,0,0,
2026-06-09T22:41:00,24090.776,77.031,77.726,0.055,5.956,7.20,51.0,1,0,0,
2026-06-09T22:42:00,24095.690,76.886,77.680,0.064,6.122,7.19,53.3,1,0,0,
2026-06-09T22:43:00,24095.578,77.650,78.597,0.098,6.006,7.09,55.0,1,0,0,
2026-06-09T22:44:00,24089.614,77.033,77.968,0.111,6.120,6.88,45.1,1,0,0,
2026-06-09T22:45:00,24088.147,76.790,77.525,0.048,6.097,7.04,51.4,1,0,0,
2026-06-09T22:46:00,24096.445,77.088,77.681,0.070,5.717,6.94,48.8,1,0,0,
2026-06-09T22:47:00,24095.908,77.243,77.871,0.064,6.097,7.06,54.5,1,0,0,
2026-06-09T22:48:00,24088.456,76.829,77.645,0.039,5.876,7.10,45.5,1,0,0,
2026-06-09T22:49:00,24085.129,77.619,78.256,0.073,6.073,6.92,52.9,1,0,0,
2026-06-09T22:50:00,24087.196,77.576,78.260,0.078,6.055,7.13,48.4,1,0,0,
2026-06-09T22:51:00,24082.907,77.751,78.229,0.066,6.150,6.83,49.6,1,0,0,
2026-06-09T22:52:00,24089.483,77.453,78.176,0.066,5.886,6.99,51.7,1,0,0,
2026-06-09T22:53:00,24086.292,77.762,78.331,0.094,6.340,7.19,53.5,1,0,0,
2026-06-09T22:54:00,24093.597,77.332,77.799,0.082,6.011,7.18,53.2,1,0,0,
2026-06-09T22:55:00,24095.007,77.369,78.108,0.096,6.132,7.06,54.3,1,0,0,
2026-06-09T22:56:00,24089.379,77.476,78.421,0.060,6.156,6.80,53.5,1,0,0,
2026-06-09T22:57:00,24084.127,77.867,78.227,0.049,6.136,6.99,45.9,1,0,0,
2026-06-09T22:58:00,24097.442,77.614,78.207,0.090,6.060,6.98,46.7,1,0,0,
2026-06-09T22:59:00,24099.079,77.753,78.382,0.061,5.808,6.97,52.4,1,0,0,
2026-06-09T23:00:00,24093.790,77.806,78.509,0.100,6.067,7.03,47.5,1,0,0,
2026-06-09T23:01:00,24083.408,77.509,77.945,0.052,6.189,6.81,47.5,1,0,0,
2026-06-09T23:02:00,24091.862,77.694,78.253,0.045,6.146,7.17,53.6,1,0,0,
2026-06-09T23:03:00,24094.382,77.942,78.417,0.075,6.146,7.04,49.9,1,0,0,
2026-06-09T23:04:00,24091.181,77.342,78.020,0.081,5.923,6.87,47.9,1,0,0,
2026-06-09T23:05:00,24097.771,77.453,78.075,0.053,6.164,6.94,54.5,1,0,0,
2026-06-09T23:06:00,24099.490,77.630,78.298,0.062,6.309,7.19,51.9,1,0,0,
2026-06-09T23:07:00,24089.432,77.846,78.641,0.106,6.304,7.14,47.1,1,0,0,
2026-06-09T23:08:00,24089.639,77.786,78.206,0.051,5.902,6.92,45.8,1,0,0,
2026-06-09T23:09:00,24087.853,78.151,79.070,0.117,6.268,7.03,49.5,1,0,0,
2026-06-09T23:10:00,24098.400,77.314,78.475,0.041,6.095,6.88,54.3,1,0,0,
2026-06-09T23:11:00,24096.960,77.929,78.747,0.051,6.243,6.88,51.2,1,0,0,
2026-06-09T23:12:00,24092.147,78.020,78.478,0.075,6.252,7.20,51.0,1,0,0,
2026-06-09T23:13:00,24089.746,78.176,78.801,0.075,6.070,6.98,54.5,1,0,0,
2026-06-09T23:14:00,24096.185,77.842,78.522,0.100,6.419,6.95,54.8,1,0,0,
2026-06-09T23:15:00,24095.667,77.981,78.648,0.127,6.401,6.84,51.3,1,0,0,
2026-06-09T23:16:00,24097.995,78.009,78.753,0.121,6.241,6.86,47.3,1,0,0,
2026-06-09T23:17:00,24097.047,78.362,79.041,0.048,6.198,6.88,55.0,1,0,0,
2026-06-09T23:18:00,24085.150,78.093,78.939,0.060,6.188,7.10,46.4,1,0,0,
2026-06-09T23:19:00,24094.119,78.315,79.085,0.095,6.473,6.81,54.1,1,0,0,
2026-06-09T23:20:00,24096.722,78.112,78.631,0.075,6.365,7.03,45.8,1,0,0,
2026-06-09T23:21:00,24097.378,78.324,78.889,0.085,6.123,6.90,46.7,1,0,0,
2026-06-09T23:22:00,24088.099,78.065,78.974,0.079,6.146,7.12,53.8,1,0,0,
2026-06-09T23:23:00,24101.330,77.874,78.554,0.079,6.117,7.01,48.7,1,0,0,
2026-06-09T23:24:00,24091.124,78.183,78.780,0.059,6.202,6.89,53.3,1,0,0,
2026-06-09T23:25:00,24097.663,78.604,79.327,0.027,6.448,6.86,54.4,1,0,0,
2026-06-09T23:26:00,24092.682,78.338,78.814,0.067,6.321,7.06,45.3,1,0,0,
2026-06-09T23:27:00,24099.909,78.299,79.151,0.016,6.210,6.87,50.0,1,0,0,
2026-06-09T23:28:00,24102.015,78.428,79.188,0.053,6.219,7.08,52.1,1,0,0,
2026-06-09T23:29:00,24098.586,78.264,79.056,0.054,6.388,6.96,52.5,1,0,0,
2026-06-09T23:30:00,24095.428,78.071,78.546,0.064,6.322,6.97,53.8,1,0,0,
2026-06-09T23:31:00,24083.975,78.202,78.664,0.099,6.282,7.04,48.4,1,0,0,
2026-06-09T23:32:00,24105.137,78.241,78.887,0.083,6.189,6.97,51.6,1,0,0,
2026-06-09T23:33:00,24095.212,78.672,79.332,0.082,6.224,6.96,49.5,1,0,0,
2026-06-09T23:34:00,24100.086,78.942,79.793,0.045,6.360,7.18,51.8,1,0,0,
2026-06-09T23:35:00,24087.848,78.622,79.342,0.070,6.360,6.97,53.2,1,0,0,
2026-06-09T23:36:00,24098.491,77.965,78.697,0.063,6.325,7.15,50.1,1,0,0,
2026-06-09T23:37:00,24093.333,77.922,78.745,0.058,5.910,7.19,48.8,1,0,0,
2026-06-09T23:38:00,24096.216,78.577,79.211,0.098,6.105,6.96,48.6,1,0,0,
2026-06-09T23:39:00,24103.654,78.961,79.504,0.050,6.472,7.07,47.7,1,0,0,
2026-06-09T23:40:00,24104.729,78.694,79.522,0.057,6.168,7.12,53.5,1,0,0,
2026-06-09T23:41:00,24098.373,78.796,79.554,0.079,6.375,6.90,51.3,1,0,0,
2026-06-09T23:42:00,24096.648,78.347,79.196,0.034,6.209,7.01,48.0,1,0,0,
2026-06-09T23:43:00,24101.695,78.293,79.136,0.055,6.320,7.08,51.9,1,0,0,
2026-06-09T23:44:00,24098.079,78.678,79.343,0.065,6.542,7.17,48.3,1,0,0,
2026-06-09T23:45:00,24096.047,78.675,79.674,0.063,6.304,7.06,55.0,1,0,0,
2026-06-09T23:46:00,24092.701,78.945,79.403,0.053,6.278,7.17,53.1,1,0,0,
2026-06-09T23:47:00,24098.060,78.212,79.017,0.077,6.295,7.19,54.7,1,0,0,
2026-06-09T23:48:00,24099.796,78.908,79.638,0.089,6.189,6.90,45.1,1,0,0,
2026-06-09T23:49:00,24097.008,78.205,79.069,0.067,6.448,6.80,49.2,1,0,0,
2026-06-09T23:50:00,24094.999,78.262,78.927,0.101,6.369,7.05,45.6,1,0,0,
2026-06-09T23:51:00,24096.040,78.512,79.261,0.082,6.482,7.18,45.2,1,0,0,
2026-06-09T23:52:00,24101.396,78.444,79.209,0.083,6.467,7.10,54.0,1,0,0,
2026-06-09T23:53:00,24103.771,79.151,79.758,0.091,6.653,6.89,54.6,1,0,0,
2026-06-09T23:54:00,24092.459,78.690,79.263,0.127,6.516,6.84,54.0,1,0,0,
2026-06-09T23:55:00,24090.640,78.529,79.350,0.088,6.545,7.15,45.5,1,0,0,
2026-06-09T23:56:00,24105.065,78.831,79.297,0.049,6.452,6.96,45.1,1,0,0,
2026-06-09T23:57:00,24086.046,79.084,79.775,0.067,6.526,7.18,45.6,1,0,0,
2026-06-09T23:58:00,24095.033,78.851,79.402,0.074,6.496,7.15,49.9,1,0,0,
2026-06-09T23:59:00,24095.819,78.832,79.215,0.082,6.673,7.04,54.7,1,0,0,